{
  "IcoMoonType": "selection",
  "icons": [
    {
      "icon": {
        "paths": [
          "M1024 103.132l-103.132-103.132-408.868 408.868-408.868-408.868-103.132 103.132 408.868 408.868-408.868 408.868 103.132 103.132 408.868-408.868 408.868 408.868 103.132-103.132-408.868-408.868 408.868-408.868z"
        ],
        "attrs": [
          {}
        ],
        "isMulticolor": false,
        "isMulticolor2": false,
        "grid": 0,
        "tags": [
          "Vector"
        ],
        "colorPermutations": {
          "117117117117517718413315024313333331": [
            {}
          ]
        }
      },
      "attrs": [
        {}
      ],
      "properties": {
        "order": 61,
        "id": 25,
        "name": "modal-close",
        "prevSize": 24
      },
      "setIdx": 0,
      "setId": 2,
      "iconIdx": 0
    },
    {
      "icon": {
        "paths": [
          "M853.333 170.667h-682.667c-46.933 0-84.907 38.4-84.907 85.333l-0.427 512c0 46.933 38.4 85.333 85.333 85.333h682.667c46.933 0 85.333-38.4 85.333-85.333v-512c0-46.933-38.4-85.333-85.333-85.333zM836.267 352l-301.653 188.587c-13.653 8.533-31.573 8.533-45.227 0l-301.653-188.587c-10.667-6.827-17.067-18.347-17.067-30.72 0-28.587 31.147-45.653 55.467-30.72l285.867 178.773 285.867-178.773c24.32-14.933 55.467 2.133 55.467 30.72 0 12.373-6.4 23.893-17.067 30.72z"
        ],
        "attrs": [
          {}
        ],
        "isMulticolor": false,
        "isMulticolor2": false,
        "grid": 0,
        "tags": [
          "form-mail"
        ],
        "colorPermutations": {
          "117117117117517718413315024313333331": [
            {}
          ]
        }
      },
      "attrs": [
        {}
      ],
      "properties": {
        "order": 42,
        "id": 19,
        "name": "form-mail",
        "prevSize": 24
      },
      "setIdx": 0,
      "setId": 2,
      "iconIdx": 1
    },
    {
      "icon": {
        "paths": [
          "M512 512c94.293 0 170.667-76.373 170.667-170.667s-76.373-170.667-170.667-170.667c-94.293 0-170.667 76.373-170.667 170.667s76.373 170.667 170.667 170.667zM512 597.333c-113.92 0-341.333 57.173-341.333 170.667v42.667c0 23.467 19.2 42.667 42.667 42.667h597.333c23.467 0 42.667-19.2 42.667-42.667v-42.667c0-113.493-227.413-170.667-341.333-170.667z"
        ],
        "attrs": [
          {}
        ],
        "isMulticolor": false,
        "isMulticolor2": false,
        "grid": 0,
        "tags": [
          "form-name"
        ],
        "colorPermutations": {
          "117117117117517718413315024313333331": [
            {}
          ]
        }
      },
      "attrs": [
        {}
      ],
      "properties": {
        "order": 45,
        "id": 20,
        "name": "form-name",
        "prevSize": 24
      },
      "setIdx": 0,
      "setId": 2,
      "iconIdx": 2
    },
    {
      "icon": {
        "paths": [
          "M796.217 632.752l-104.567-11.941c-25.116-2.879-49.818 5.769-67.516 23.467l-75.754 75.753c-116.509-59.284-212.021-154.384-271.305-271.306l76.163-76.163c17.703-17.703 26.348-42.404 23.466-67.518l-11.939-103.747c-4.94-41.581-39.934-72.87-81.927-72.87h-71.223c-46.521 0-85.22 38.699-82.339 85.221 21.82 351.588 303.006 632.364 654.181 654.181 46.518 2.884 85.22-35.817 85.22-82.335v-71.225c0.41-41.58-30.879-76.572-72.459-81.516z"
        ],
        "attrs": [
          {}
        ],
        "isMulticolor": false,
        "isMulticolor2": false,
        "grid": 0,
        "tags": [
          "form-phone"
        ],
        "colorPermutations": {
          "117117117117517718413315024313333331": [
            {}
          ]
        }
      },
      "attrs": [
        {}
      ],
      "properties": {
        "order": 44,
        "id": 21,
        "name": "form-phone",
        "prevSize": 24
      },
      "setIdx": 0,
      "setId": 2,
      "iconIdx": 3
    },
    {
      "icon": {
        "paths": [
          "M1349.818 0h-1210.181c-77.001 0-139.637 56.65-139.637 126.291v757.741c0 69.638 62.637 126.293 139.637 126.293h1210.181c76.995 0 139.636-56.655 139.636-126.293v-757.741c0-69.641-62.641-126.291-139.636-126.291zM1349.818 84.193c6.321 0 12.335 1.187 17.836 3.259l-622.927 488.296-622.934-488.296c5.501-2.070 11.516-3.259 17.841-3.259h1210.184zM1349.818 926.127h-1210.181c-25.681 0-46.547-18.869-46.547-42.098v-707.626l621.136 486.866c8.774 6.864 19.637 10.278 30.5 10.278s21.726-3.411 30.5-10.278l621.136-486.866v707.629c0 23.226-20.862 42.095-46.545 42.095z"
        ],
        "attrs": [
          {
            "fill": "rgb(117, 117, 117)"
          }
        ],
        "width": 1489,
        "isMulticolor": false,
        "isMulticolor2": false,
        "grid": 0,
        "tags": [
          "mail_icon"
        ],
        "colorPermutations": {
          "117117117117517718413315024313333331": [
            {
              "f": 1
            }
          ]
        }
      },
      "attrs": [
        {
          "fill": "rgb(117, 117, 117)"
        }
      ],
      "properties": {
        "order": 47,
        "id": 22,
        "name": "mail_icon",
        "prevSize": 24
      },
      "setIdx": 0,
      "setId": 2,
      "iconIdx": 4
    },
    {
      "icon": {
        "paths": [
          "M580.267 0h-477.867c-56.467 0-102.4 41.543-102.4 92.613v802.643c0 51.070 45.933 92.617 102.4 92.617h477.867c56.467 0 102.4-41.547 102.4-92.617v-802.643c0-51.070-45.933-92.613-102.4-92.613zM102.4 61.742h477.867c18.833 0 34.133 13.837 34.133 30.871v648.292h-546.133v-648.292c0-17.033 15.3-30.871 34.133-30.871zM580.267 926.126h-477.867c-18.833 0-34.133-13.838-34.133-30.87v-92.611h546.133v92.611c0 17.033-15.3 30.87-34.133 30.87z"
        ],
        "attrs": [
          {
            "fill": "rgb(117, 117, 117)"
          }
        ],
        "width": 683,
        "isMulticolor": false,
        "isMulticolor2": false,
        "grid": 0,
        "tags": [
          "phone_icon"
        ],
        "colorPermutations": {
          "117117117117517718413315024313333331": [
            {
              "f": 1
            }
          ]
        }
      },
      "attrs": [
        {
          "fill": "rgb(117, 117, 117)"
        }
      ],
      "properties": {
        "order": 48,
        "id": 23,
        "name": "phone_icon",
        "prevSize": 24
      },
      "setIdx": 0,
      "setId": 2,
      "iconIdx": 5
    },
    {
      "icon": {
        "paths": [
          "M1024 194.496c-38.077 16.704-78.659 27.776-120.96 33.152 43.52-25.984 76.739-66.816 92.349-116.032-40.571 24.192-85.371 41.28-133.12 50.816-38.528-41.024-93.44-66.432-153.344-66.432-116.219 0-209.789 94.336-209.789 209.984 0 16.64 1.408 32.64 4.864 47.872-174.528-8.512-328.96-92.16-432.704-219.584-18.112 31.424-28.736 67.392-28.736 106.112 0 72.704 37.44 137.152 93.248 174.464-33.728-0.64-66.816-10.432-94.848-25.856 0 0.64 0 1.472 0 2.304 0 102.016 72.768 186.752 168.192 206.269-17.088 4.675-35.712 6.912-55.040 6.912-13.44 0-27.008-0.763-39.744-3.584 27.2 83.139 104.384 144.261 196.16 146.243-71.424 55.875-162.112 89.533-260.288 89.533-17.216 0-33.728-0.763-50.24-2.877 92.992 59.971 203.2 94.208 322.048 94.208 386.304 0 597.504-320 597.504-597.376 0-9.28-0.317-18.24-0.768-27.136 41.667-29.568 76.672-66.496 105.216-108.992z"
        ],
        "attrs": [
          {
            "fill": "rgb(175, 177, 184)"
          }
        ],
        "isMulticolor": false,
        "isMulticolor2": false,
        "grid": 0,
        "tags": [
          "twitter_icon"
        ],
        "colorPermutations": {
          "117117117117517718413315024313333331": [
            {
              "f": 3
            }
          ]
        }
      },
      "attrs": [
        {
          "fill": "rgb(175, 177, 184)"
        }
      ],
      "properties": {
        "order": 49,
        "id": 24,
        "name": "twitter_icon",
        "prevSize": 24
      },
      "setIdx": 0,
      "setId": 2,
      "iconIdx": 6
    },
    {
      "icon": {
        "paths": [
          "M984.741 707.123l-270.182-272.162 29.986-147.696c7.739 3.021 15.964 4.599 24.269 4.659h0.205c38.153 0.451 69.446-30.111 69.9-68.264 0.452-38.153-30.113-69.446-68.266-69.898-38.153-0.451-69.446 30.111-69.898 68.264-0.097 8.164 1.254 16.28 3.992 23.972l-158.72 19.371-258.902-260.25c-3.176-3.241-7.512-5.084-12.048-5.12-4.481 0.023-8.771 1.807-11.947 4.966l-48.402 48.128c-6.662 6.664-6.662 17.468 0 24.132l26.045 26.419c-100.899 185.533-68.127 415.289 80.622 565.213 1.365 1.306 2.948 2.363 4.677 3.123-1.075 5.775-1.637 11.636-1.674 17.51v197.974h-204.8c-47.104 0.056-85.278 38.229-85.333 85.333v34.133c0 9.425 7.642 17.067 17.067 17.067h785.066c9.425 0 17.067-7.642 17.067-17.067v-34.133c-0.056-47.104-38.229-85.277-85.333-85.333h-204.8v-87.741c32.082 6.729 64.771 10.16 97.552 10.24 78.661-0.085 156.069-19.694 225.28-57.070l26.181 26.334c3.176 3.24 7.512 5.083 12.050 5.12 4.479-0.023 8.77-1.808 11.946-4.966l48.402-48.128c6.662-6.665 6.662-17.468 0-24.133zM744.954 199.458c13.366-13.294 34.978-13.234 48.271 0.13 13.294 13.366 13.234 34.978-0.13 48.271-6.399 6.363-15.054 9.934-24.079 9.933h-0.102c-18.85-0.098-34.055-15.458-33.957-34.31 0.048-9.024 3.666-17.66 10.063-24.025h-0.066zM704.78 311.603l-19.149 94.259-37.614-37.837 56.763-56.422zM685.392 282.744l-61.44 61.082-47.531-47.787 108.971-13.294zM768.132 921.6c28.277 0 51.2 22.923 51.2 51.2v17.067h-750.934v-17.067c0-28.277 22.923-51.2 51.2-51.2h648.534zM529.197 853.333v34.134h-170.666v-34.134h170.666zM358.532 819.2v-129.707c0-41.403 38.28-75.093 85.333-75.093s85.333 33.69 85.333 75.093v129.707h-170.666zM563.332 764.928v-75.435c0-60.227-53.59-109.226-119.467-109.226-42.594-0.654-82.423 21.027-104.994 57.155-129.848-136.761-159.087-340.645-72.916-508.388l595.259 598.671c-91.917 46.759-197.285 59.923-297.882 37.222zM924.581 743.048l-673.826-677.785 24.149-24.064 253.918 255.352c0.118 0 0.187 0.222 0.307 0.307l419.669 422.126-24.218 24.064z",
          "M444.017 648.533h-0.154c-28.278-0.042-51.235 22.845-51.278 51.124-0.042 28.277 22.845 51.234 51.124 51.276h0.154c28.277 0.042 51.234-22.845 51.276-51.122 0.042-28.278-22.845-51.235-51.122-51.278zM455.962 711.834c-3.212 3.195-7.566 4.984-12.099 4.966-9.425-0.050-17.026-7.73-16.978-17.155 0.023-4.511 1.833-8.83 5.031-12.012 3.176-3.16 7.466-4.943 11.947-4.966 9.425 0.048 17.026 7.728 16.976 17.153-0.023 4.511-1.833 8.83-5.031 12.013h0.154z"
        ],
        "attrs": [
          {
            "fill": "rgb(33, 33, 33)"
          },
          {
            "fill": "rgb(33, 150, 243)"
          }
        ],
        "isMulticolor": true,
        "isMulticolor2": false,
        "grid": 0,
        "tags": [
          "antenna"
        ],
        "colorPermutations": {
          "117117117117517718413315024313333331": [
            {
              "f": 0
            },
            {
              "f": 2
            }
          ]
        }
      },
      "attrs": [
        {
          "fill": "rgb(33, 33, 33)"
        },
        {
          "fill": "rgb(33, 150, 243)"
        }
      ],
      "properties": {
        "order": 50,
        "id": 15,
        "name": "antenna",
        "prevSize": 24
      },
      "setIdx": 0,
      "setId": 2,
      "iconIdx": 7
    },
    {
      "icon": {
        "paths": [
          "M1023.172 144.77c-2.013-6.162-7.338-10.666-13.771-11.606l-61.133-8.892-27.358-55.399c-5.734-11.674-24.867-11.674-30.602 0l-27.358 55.399-61.134 8.894c-6.434 0.938-11.758 5.428-13.79 11.606-1.995 6.179-0.342 12.971 4.318 17.494l44.254 43.129-10.443 60.894c-1.093 6.4 1.536 12.869 6.776 16.693 5.307 3.858 12.235 4.334 17.987 1.296l54.683-28.758 54.683 28.758c2.491 1.314 5.24 1.962 7.954 1.962 3.533 0 7.067-1.091 10.037-3.259 5.256-3.822 7.883-10.293 6.776-16.693l-10.443-60.896 44.254-43.128c4.636-4.541 6.309-11.317 4.311-17.494zM944.359 187.233c-4.010 3.909-5.854 9.574-4.898 15.104l6.11 35.653-32.016-16.827c-2.493-1.315-5.222-1.963-7.955-1.963-2.73 0-5.443 0.648-7.954 1.963l-32.019 16.827 6.11-35.653c0.955-5.53-0.888-11.178-4.898-15.104l-25.925-25.258 35.806-5.206c5.565-0.802 10.36-4.301 12.853-9.336l16.008-32.427 16.008 32.427c2.491 5.034 7.288 8.534 12.853 9.336l35.806 5.206-25.891 25.258z",
          "M836.27 656.71h-34.134v34.134h34.134v-34.134z",
          "M836.27 724.979h-34.134v34.134h34.134v-34.134z",
          "M870.406 690.845h-34.134v34.134h34.134v-34.134z",
          "M802.142 690.845h-34.134v34.134h34.134v-34.134z",
          "M716.806 844.447h-34.134v34.134h34.134v-34.134z",
          "M716.806 912.715h-34.134v34.134h34.134v-34.134z",
          "M750.934 878.582h-34.134v34.134h34.134v-34.134z",
          "M682.67 878.582h-34.134v34.134h34.134v-34.134z",
          "M511.999 776.18h-34.134v34.134h34.134v-34.134z",
          "M511.999 844.447h-34.134v34.134h34.134v-34.134z",
          "M546.134 810.313h-34.134v34.134h34.134v-34.134z",
          "M477.863 810.313h-34.134v34.134h34.134v-34.134z",
          "M187.727 195.903h-34.134v34.134h34.134v-34.134z",
          "M187.727 264.173h-34.134v34.134h34.134v-34.134z",
          "M221.863 230.039h-34.134v34.134h34.134v-34.134z",
          "M153.591 230.039h-34.134v34.134h34.134v-34.134z",
          "M790.872 453.102c-9.198-12.408-22.698-20.394-38.024-22.546-15.395-2.184-30.585 1.859-42.873 11.264l-40.074 30.72-60.726 45.347-43.453-17.306c77.483-34.765 131.638-112.267 131.638-202.244 0-122.336-99.928-221.869-222.757-221.869-122.83 0-222.757 99.533-222.757 221.869 0 44.341 13.261 85.574 35.841 120.27l-88.441-0.768c-0.053 0-0.102 0-0.154 0-0.275 0-0.494 0.136-0.75 0.154-1.69 0.069-3.347 0.411-4.966 0.99-0.41 0.154-0.835 0.24-1.227 0.426-0.205 0.086-0.411 0.102-0.614 0.205l-103.46 51.080c-0.018 0-0.034 0-0.034 0.016l-60.589 29.137c-0.666 0.29-1.348 0.682-2.014 1.126-24.15 16.075-32.376 47.65-19.148 73.454 7.048 13.722 19.046 23.827 33.792 28.451 5.684 1.773 11.486 2.645 17.254 2.645 9.268 0 18.45-2.269 26.862-6.757l44.409-23.621 72.449-37.411 43.419-0.256-174.135 173.299c-0.016 0.018-0.034 0.018-0.052 0.034l-42.839 42.667c-10.12 10.070-15.684 23.432-15.684 37.685 0 14.234 5.564 27.63 15.684 37.718 10.394 10.342 24.064 15.531 37.735 15.531 13.688 0 27.34-5.189 37.769-15.531l42.053-41.883 55.707-41.592 28.827 28.706-56.374 56.134c-0.016 0.018-0.034 0.018-0.051 0.034l-42.839 42.666c-10.12 10.070-15.684 23.434-15.684 37.685 0 14.235 5.564 27.63 15.684 37.72 10.394 10.341 24.082 15.53 37.753 15.53s27.358-5.189 37.768-15.53l111.413-110.934c0.018-0.018 0.018-0.034 0.034-0.053l32.309-32-0.12-0.12c0.203-0.203 0.494-0.274 0.699-0.494l165.312-181.062 111.072 15.805c0.802 0.12 1.603 0.17 2.405 0.17 2.067 0 4.062-0.494 5.99-1.229 0.565-0.203 1.058-0.477 1.589-0.749 0.614-0.309 1.261-0.478 1.843-0.87l102.829-68.267c0.376-0.256 0.579-0.666 0.938-0.938 0.41-0.325 0.922-0.461 1.296-0.821l40.686-38.11c21.17-19.836 24.089-52.331 6.782-75.576zM68.173 568.645c-5.546 2.97-11.844 3.566-17.868 1.656-5.974-1.859-10.82-5.941-13.654-11.453-5.154-10.035-2.168-22.256 6.86-28.859l42.037-20.225 14.37 42.002-31.744 16.88zM180.081 510.158l-49.545 25.6-14.044-41.064 64.855-32.019-1.265 47.483zM663.262 298.304c0 29.389-7.014 57.107-19.166 81.904l-133.805-60.776c-1.4-18.346-10.922-34.406-25.224-44.408l46.848-155.531c76.086 24.202 131.347 95.183 131.347 178.81zM286.016 298.304c0-103.512 84.618-187.737 188.622-187.737 8.091 0 16.008 0.682 23.843 1.672l-45.825 152.119c-0.613-0.019-1.194-0.189-1.826-0.189-33.043 0-59.923 26.795-59.923 59.734s26.88 59.736 59.923 59.736c22.221 0 41.421-12.27 51.781-30.227l123.598 56.152c-34.39 46.285-89.432 76.477-151.572 76.477-104.003 0-188.621-84.225-188.621-187.737zM476.619 323.904c0 14.115-11.573 25.601-25.789 25.601s-25.789-11.486-25.789-25.601c0-14.114 11.573-25.6 25.789-25.6s25.789 11.486 25.789 25.6zM78.875 804.681c-7.56 7.491-19.798 7.475-27.34 0.018-3.636-3.637-5.632-8.43-5.632-13.534 0-5.086 1.996-9.882 5.632-13.482l30.786-30.672 27.239 27.121-30.685 30.549zM181.719 924.15c-7.56 7.493-19.814 7.51-27.358 0.019-3.637-3.637-5.633-8.43-5.633-13.534 0-5.086 1.997-9.883 5.633-13.483l30.806-30.686 27.256 27.121-30.704 30.563zM293.132 813.147c-0.018 0.016-0.034 0.016-0.051 0.034l-56.475 56.321-27.256-27.121 56.422-56.166c0 0 0 0 0-0.016 0.018-0.018 0.034-0.018 0.051-0.034 1.28-1.28 2.083-2.816 2.869-4.334 0.222-0.443 0.648-0.819 0.837-1.28 0.53-1.314 0.613-2.73 0.819-4.114 0.102-0.787 0.445-1.518 0.445-2.323 0-1.144-0.411-2.251-0.648-3.379-0.205-1.024-0.205-2.066-0.598-3.054-0.648-1.603-1.758-3.019-2.918-4.403-0.323-0.376-0.443-0.854-0.802-1.213 0 0 0 0-0.018 0-0.019-0.016-0.019-0.053-0.035-0.067l-51.422-51.201c-0.546-0.546-1.246-0.768-1.861-1.227-0.903-0.701-1.773-1.349-2.781-1.845-0.973-0.478-1.963-0.768-2.987-1.042-1.091-0.309-2.149-0.547-3.293-0.632-1.043-0.069-2.014 0.034-3.054 0.154-1.144 0.136-2.218 0.29-3.328 0.648-1.077 0.342-2.030 0.87-3.021 1.434-0.632 0.358-1.347 0.478-1.946 0.922l-56.747 42.361-28.826-28.707 76.767-76.357 139.54 137.236-29.683 29.406zM511.333 588.613c-0.493-0.067-0.955 0.12-1.45 0.086-1.246-0.067-2.44 0.018-3.685 0.222-0.973 0.17-1.894 0.358-2.817 0.682-1.091 0.376-2.082 0.888-3.090 1.502-0.955 0.579-1.826 1.194-2.662 1.962-0.41 0.358-0.904 0.53-1.28 0.938l-150.344 164.664-138.499-136.212 90.661-90.182c6.674-6.656 6.707-17.459 0.051-24.15-3.362-3.362-7.782-5.018-12.202-5v-0.016l-71 0.427 0.888-51.44 99.329 0.854c40.483 41.405 96.941 67.227 159.405 67.227 13.995 0 27.649-1.45 40.942-3.926 1.28 1.024 2.542 2.067 4.149 2.715l77.109 30.72 4.88 24.269 5.701 28.33-96.086-13.67zM640.65 594.314l-10.018-49.853 46.285-34.561 30.294 40.21-66.561 44.205zM760.766 503.722l-26.813 25.123-29.798-39.562 26.606-20.394c4.965-3.822 11.23-5.376 17.374-4.574 6.178 0.87 11.64 4.096 15.36 9.096 6.93 9.336 5.752 22.358-2.73 30.31z",
          "M435.269 593.409l-68.576-68.267c-6.638-6.638-17.426-6.638-24.082 0l-68.558 68.267c-3.208 3.226-5.018 7.56-5.018 12.099 0 4.541 1.792 8.893 5.018 12.101l68.558 68.267c3.328 3.31 7.698 4.966 12.050 4.966s8.72-1.656 12.032-4.966l68.576-68.267c3.208-3.208 5.034-7.56 5.034-12.101 0-4.539-1.81-8.891-5.034-12.099zM354.661 649.696l-44.374-44.187 44.374-44.186 44.39 44.186-44.39 44.187z",
          "M549.259 162.265l-8.245 33.145c2.27 0.563 55.605 14.456 55.605 68.763h34.134c-0.001-64.55-53.301-94.894-81.494-101.908z",
          "M630.749 298.304h-34.134v34.134h34.134v-34.134z"
        ],
        "attrs": [
          {
            "fill": "rgb(33, 150, 243)"
          },
          {
            "fill": "rgb(33, 150, 243)"
          },
          {
            "fill": "rgb(33, 150, 243)"
          },
          {
            "fill": "rgb(33, 150, 243)"
          },
          {
            "fill": "rgb(33, 150, 243)"
          },
          {
            "fill": "rgb(33, 150, 243)"
          },
          {
            "fill": "rgb(33, 150, 243)"
          },
          {
            "fill": "rgb(33, 150, 243)"
          },
          {
            "fill": "rgb(33, 150, 243)"
          },
          {
            "fill": "rgb(33, 150, 243)"
          },
          {
            "fill": "rgb(33, 150, 243)"
          },
          {
            "fill": "rgb(33, 150, 243)"
          },
          {
            "fill": "rgb(33, 150, 243)"
          },
          {
            "fill": "rgb(33, 150, 243)"
          },
          {
            "fill": "rgb(33, 150, 243)"
          },
          {
            "fill": "rgb(33, 150, 243)"
          },
          {
            "fill": "rgb(33, 150, 243)"
          },
          {
            "fill": "rgb(33, 33, 33)"
          },
          {
            "fill": "rgb(33, 33, 33)"
          },
          {
            "fill": "rgb(33, 33, 33)"
          },
          {
            "fill": "rgb(33, 33, 33)"
          }
        ],
        "isMulticolor": true,
        "isMulticolor2": false,
        "grid": 0,
        "tags": [
          "astronaut"
        ],
        "colorPermutations": {
          "117117117117517718413315024313333331": [
            {
              "f": 2
            },
            {
              "f": 2
            },
            {
              "f": 2
            },
            {
              "f": 2
            },
            {
              "f": 2
            },
            {
              "f": 2
            },
            {
              "f": 2
            },
            {
              "f": 2
            },
            {
              "f": 2
            },
            {
              "f": 2
            },
            {
              "f": 2
            },
            {
              "f": 2
            },
            {
              "f": 2
            },
            {
              "f": 2
            },
            {
              "f": 2
            },
            {
              "f": 2
            },
            {
              "f": 2
            },
            {
              "f": 0
            },
            {
              "f": 0
            },
            {
              "f": 0
            },
            {
              "f": 0
            }
          ]
        }
      },
      "attrs": [
        {
          "fill": "rgb(33, 150, 243)"
        },
        {
          "fill": "rgb(33, 150, 243)"
        },
        {
          "fill": "rgb(33, 150, 243)"
        },
        {
          "fill": "rgb(33, 150, 243)"
        },
        {
          "fill": "rgb(33, 150, 243)"
        },
        {
          "fill": "rgb(33, 150, 243)"
        },
        {
          "fill": "rgb(33, 150, 243)"
        },
        {
          "fill": "rgb(33, 150, 243)"
        },
        {
          "fill": "rgb(33, 150, 243)"
        },
        {
          "fill": "rgb(33, 150, 243)"
        },
        {
          "fill": "rgb(33, 150, 243)"
        },
        {
          "fill": "rgb(33, 150, 243)"
        },
        {
          "fill": "rgb(33, 150, 243)"
        },
        {
          "fill": "rgb(33, 150, 243)"
        },
        {
          "fill": "rgb(33, 150, 243)"
        },
        {
          "fill": "rgb(33, 150, 243)"
        },
        {
          "fill": "rgb(33, 150, 243)"
        },
        {
          "fill": "rgb(33, 33, 33)"
        },
        {
          "fill": "rgb(33, 33, 33)"
        },
        {
          "fill": "rgb(33, 33, 33)"
        },
        {
          "fill": "rgb(33, 33, 33)"
        }
      ],
      "properties": {
        "order": 51,
        "id": 14,
        "name": "astronaut",
        "prevSize": 24
      },
      "setIdx": 0,
      "setId": 2,
      "iconIdx": 8
    },
    {
      "icon": {
        "paths": [
          "M1001.492 489.64c-0.056-270.476-219.367-489.695-489.852-489.64-270.476 0.055-489.695 219.374-489.64 489.851 0.047 213.055 137.82 401.633 340.781 466.438 1.937 0.61 3.953 0.922 5.977 0.914 3.859-0.007 7.641-1.039 10.96-3 4.321-2.554 7.547-6.617 9.062-11.406l123.68-392c33.812-0.171 61.079-27.726 60.899-61.531-0.173-33.812-27.718-61.079-61.531-60.906-9.095 0.038-18.071 2.133-26.242 6.125l-163.391-163.414c-8.11-7.828-21.024-7.601-28.852 0.5-7.641 7.914-7.641 20.445 0 28.359l163.305 163.492c-12.531 25.578-5.367 56.453 17.164 73.89l-117.843 373.532c-232.891-85.789-352.141-344.125-266.351-577.015 85.79-232.891 344.124-352.141 577.016-266.352s352.14 344.133 266.351 577.016c-41.914 113.781-128.031 205.796-238.788 255.149l-12.736-59.977c-2.327-11.023-13.163-18.071-24.187-15.734-3.477 0.743-6.703 2.376-9.359 4.743l-122.781 109.618c-8.423 7.491-9.172 20.389-1.672 28.812 2.437 2.734 5.562 4.765 9.062 5.882l156.757 50.031c10.727 3.445 22.219-2.453 25.664-13.188 1.094-3.391 1.274-7 0.54-10.484l-12.516-58.851c181.258-76.415 298.945-254.149 298.524-450.853zM511.75 469.235c11.265 0 20.407 9.14 20.407 20.405 0 11.274-9.141 20.407-20.407 20.407-11.273 0-20.405-9.133-20.405-20.407 0-11.265 9.133-20.405 20.405-20.405zM578.961 944.883l69.891-62.344 19.289 90.89-89.18-28.546z",
          "M491.343 101.922v40.812c0 11.274 9.133 20.406 20.405 20.406 11.267 0 20.407-9.133 20.407-20.406v-40.812c0-11.266-9.14-20.406-20.407-20.406-11.273 0-20.405 9.141-20.405 20.406z",
          "M124.031 469.233c-11.274 0-20.406 9.141-20.406 20.407 0 11.273 9.133 20.407 20.406 20.407h40.812c11.274 0 20.407-9.134 20.407-20.407 0-11.265-9.133-20.407-20.407-20.407h-40.812z",
          "M899.461 510.047c11.274 0 20.407-9.134 20.407-20.407 0-11.265-9.133-20.407-20.407-20.407h-40.812c-11.265 0-20.405 9.141-20.405 20.407 0 11.273 9.14 20.407 20.405 20.407h40.812z"
        ],
        "attrs": [
          {
            "fill": "rgb(33, 33, 33)"
          },
          {
            "fill": "rgb(33, 150, 243)"
          },
          {
            "fill": "rgb(33, 150, 243)"
          },
          {
            "fill": "rgb(33, 150, 243)"
          }
        ],
        "isMulticolor": true,
        "isMulticolor2": false,
        "grid": 0,
        "tags": [
          "clock"
        ],
        "colorPermutations": {
          "117117117117517718413315024313333331": [
            {
              "f": 0
            },
            {
              "f": 2
            },
            {
              "f": 2
            },
            {
              "f": 2
            }
          ]
        }
      },
      "attrs": [
        {
          "fill": "rgb(33, 33, 33)"
        },
        {
          "fill": "rgb(33, 150, 243)"
        },
        {
          "fill": "rgb(33, 150, 243)"
        },
        {
          "fill": "rgb(33, 150, 243)"
        }
      ],
      "properties": {
        "order": 52,
        "id": 13,
        "name": "clock",
        "prevSize": 24
      },
      "setIdx": 0,
      "setId": 2,
      "iconIdx": 9
    },
    {
      "icon": {
        "paths": [
          "M477.618 478.868h34.115v153.52h-34.115v-153.52z",
          "M614.078 547.098h34.115v85.289h-34.115v-85.289z",
          "M341.153 598.272h34.117v34.115h-34.117v-34.115z",
          "M238.807 581.214h34.115v51.172h-34.115v-51.172z",
          "M51.173 905.311h818.772c28.259 0 51.172-22.913 51.172-51.174v-68.231c0-28.261-22.913-51.174-51.172-51.174h-17.058v-425.386l96.891-91.786c22.489 11.087 49.708 4.356 64.424-15.958 14.727-20.306 12.661-48.266-4.88-66.19s-45.444-20.598-66.074-6.33c-20.622 14.276-27.952 41.336-17.357 64.066l-73.004 69.206v-39.355c0-28.259-22.913-51.172-51.174-51.172h-682.309c-28.26 0-51.173 22.913-51.173 51.172v511.732h-17.058c-28.26 0-51.173 22.913-51.173 51.174v68.231c0 28.261 22.913 51.174 51.173 51.174zM972.291 154.77c9.419 0 17.057 7.638 17.057 17.058 0 9.419-7.638 17.057-17.057 17.057-9.421 0-17.058-7.638-17.058-17.057 0-9.421 7.638-17.058 17.058-17.058zM102.346 223.001c0-9.419 7.638-17.057 17.058-17.057h682.309c9.421 0 17.058 7.638 17.058 17.057v71.638l-34.115 32.417v-69.939c0-9.419-7.638-17.057-17.058-17.057h-614.078c-9.42 0-17.058 7.638-17.058 17.057v426.443c0 9.421 7.638 17.058 17.058 17.058h614.078c9.421 0 17.058-7.638 17.058-17.058v-309.579l34.115-32.325v393.077h-716.425v-511.732zM255.865 444.752c-23.079-0.067-43.343 15.309-49.481 37.554-6.14 22.247 3.365 45.843 23.213 57.62 19.839 11.777 45.117 8.82 61.7-7.229l59.294 29.75c6.889 3.449 15.242 1.833 20.364-3.922l126.043-141.801 123.901 92.842c6.647 4.981 15.925 4.449 21.956-1.257l107.685-102.005v260.197h-579.963v-392.328h579.963v85.131l-120.687 114.29-124.943-93.668c-7.096-5.313-17.083-4.314-22.98 2.307l-127.775 143.767-47.767-23.887c0.35-2.049 0.566-4.115 0.65-6.189 0-28.259-22.913-51.172-51.174-51.172zM272.924 495.925c0 9.421-7.638 17.058-17.058 17.058-9.419 0-17.057-7.638-17.057-17.058 0-9.419 7.638-17.057 17.057-17.057 9.421 0 17.058 7.638 17.058 17.057zM375.27 768.848h170.578v17.058c0 9.419-7.638 17.057-17.058 17.057h-136.461c-9.421 0-17.058-7.638-17.058-17.057v-17.058zM34.115 785.907c0-9.421 7.638-17.058 17.058-17.058h289.981v17.058c0 28.259 22.913 51.174 51.174 51.174h136.461c28.261 0 51.174-22.914 51.174-51.174v-17.058h289.982c9.419 0 17.057 7.638 17.057 17.058v68.231c0 9.421-7.638 17.058-17.057 17.058h-818.772c-9.42 0-17.058-7.638-17.058-17.058v-68.231z"
        ],
        "attrs": [
          {
            "fill": "rgb(33, 150, 243)"
          },
          {
            "fill": "rgb(33, 150, 243)"
          },
          {
            "fill": "rgb(33, 150, 243)"
          },
          {
            "fill": "rgb(33, 150, 243)"
          },
          {
            "fill": "rgb(33, 33, 33)"
          }
        ],
        "isMulticolor": true,
        "isMulticolor2": false,
        "grid": 0,
        "tags": [
          "diagram"
        ],
        "colorPermutations": {
          "117117117117517718413315024313333331": [
            {
              "f": 2
            },
            {
              "f": 2
            },
            {
              "f": 2
            },
            {
              "f": 2
            },
            {
              "f": 0
            }
          ]
        }
      },
      "attrs": [
        {
          "fill": "rgb(33, 150, 243)"
        },
        {
          "fill": "rgb(33, 150, 243)"
        },
        {
          "fill": "rgb(33, 150, 243)"
        },
        {
          "fill": "rgb(33, 150, 243)"
        },
        {
          "fill": "rgb(33, 33, 33)"
        }
      ],
      "properties": {
        "order": 53,
        "id": 12,
        "name": "diagram",
        "prevSize": 24
      },
      "setIdx": 0,
      "setId": 2,
      "iconIdx": 10
    },
    {
      "icon": {
        "paths": [
          "M682.537 170.026h93.481v-162.816c-16.128-2.219-71.593-7.211-136.192-7.211-134.784 0-227.115 84.778-227.115 240.598v143.402h-148.736v182.016h148.736v457.984h182.356v-457.943h142.72l22.656-182.014h-165.417v-125.397c0.041-52.608 14.208-88.619 87.511-88.619z"
        ],
        "attrs": [
          {
            "fill": "rgb(175, 177, 184)"
          }
        ],
        "isMulticolor": false,
        "isMulticolor2": false,
        "grid": 0,
        "tags": [
          "facebook_icon"
        ],
        "colorPermutations": {
          "117117117117517718413315024313333331": [
            {
              "f": 3
            }
          ]
        }
      },
      "attrs": [
        {
          "fill": "rgb(175, 177, 184)"
        }
      ],
      "properties": {
        "order": 54,
        "id": 11,
        "name": "facebook_icon",
        "prevSize": 24
      },
      "setIdx": 0,
      "setId": 2,
      "iconIdx": 11
    },
    {
      "icon": {
        "paths": [
          "M1022.996 301.059c-2.396-54.409-11.197-91.814-23.798-124.227-13.005-34.405-33.009-65.208-59.218-90.814-25.605-26.006-56.612-46.212-90.619-59.012-32.599-12.604-69.811-21.403-124.216-23.802-54.815-2.602-72.218-3.204-211.246-3.204-139.027 0-156.429 0.602-211.041 3.001-54.409 2.399-91.815 11.205-124.22 23.802-34.413 13.003-65.215 33.007-90.822 59.215-26.005 25.606-46.204 56.612-59.011 90.619-12.604 32.608-21.403 69.811-23.802 124.22-2.602 54.815-3.204 72.217-3.204 211.247 0 139.023 0.602 156.426 3.001 211.041 2.399 54.405 11.205 91.812 23.809 124.227 13.003 34.401 33.202 65.208 59.207 90.813 25.607 26.004 56.612 46.213 90.619 59.013 32.608 12.6 69.81 21.402 124.227 23.798 54.604 2.406 72.014 3 211.042 3s156.426-0.594 211.041-3c54.41-2.396 91.812-11.197 124.216-23.798 68.818-26.609 123.228-81.019 149.837-149.827 12.595-32.609 21.402-69.821 23.803-124.227 2.396-54.615 3-72.018 3-211.041 0-139.030-0.205-156.431-2.606-211.044zM930.785 719.14c-2.202 50.012-10.604 77.015-17.603 95.017-17.208 44.611-52.613 80.015-97.224 97.224-18.002 7.004-45.204 15.401-95.017 17.597-54.011 2.406-70.211 3-206.838 3-136.63 0-153.031-0.594-206.846-3-50.010-2.196-77.015-10.593-95.018-17.597-22.2-8.202-42.407-21.207-58.808-38.211-17.004-16.604-30.006-36.608-38.211-58.808-7.002-18.002-15.401-45.21-17.597-95.017-2.407-54.011-3.001-70.216-3.001-206.848 0-136.626 0.594-153.028 3.001-206.835 2.195-50.010 10.595-77.015 17.597-95.018 8.205-22.207 21.207-42.407 38.414-58.817 16.597-17.003 36.601-30.006 58.808-38.203 18.003-7.001 45.212-15.401 95.018-17.605 54.010-2.399 70.217-3.001 206.838-3.001 136.832 0 153.027 0.602 206.843 3.001 50.012 2.203 77.015 10.604 95.022 17.605 22.195 8.197 42.404 21.2 58.808 38.203 16.998 16.605 30.003 36.609 38.211 58.817 6.999 18.003 15.401 45.204 17.603 95.018 2.401 54.010 3 70.209 3 206.835 0 136.632-0.599 152.632-3 206.643z",
          "M513.9 249.044c-145.222 0-263.050 117.82-263.050 263.053 0 145.229 117.828 263.050 263.050 263.050 145.234 0 263.055-117.821 263.055-263.050 0-145.233-117.821-263.053-263.055-263.053zM513.9 682.732c-94.212 0-170.633-76.416-170.633-170.634 0-94.224 76.421-170.637 170.633-170.637 94.223 0 170.634 76.413 170.634 170.637 0 94.218-76.411 170.634-170.634 170.634z",
          "M848.768 238.648c0 33.913-27.5 61.41-61.42 61.41-33.915 0-61.409-27.497-61.409-61.41 0-33.921 27.494-61.411 61.409-61.411 33.92 0 61.42 27.49 61.42 61.411z"
        ],
        "attrs": [
          {
            "fill": "rgb(175, 177, 184)"
          },
          {
            "fill": "rgb(175, 177, 184)"
          },
          {
            "fill": "rgb(175, 177, 184)"
          }
        ],
        "isMulticolor": false,
        "isMulticolor2": false,
        "grid": 0,
        "tags": [
          "instagram_icon"
        ],
        "colorPermutations": {
          "117117117117517718413315024313333331": [
            {
              "f": 3
            },
            {
              "f": 3
            },
            {
              "f": 3
            }
          ]
        }
      },
      "attrs": [
        {
          "fill": "rgb(175, 177, 184)"
        },
        {
          "fill": "rgb(175, 177, 184)"
        },
        {
          "fill": "rgb(175, 177, 184)"
        }
      ],
      "properties": {
        "order": 55,
        "id": 10,
        "name": "instagram_icon",
        "prevSize": 24
      },
      "setIdx": 0,
      "setId": 2,
      "iconIdx": 12
    },
    {
      "icon": {
        "paths": [
          "M1023.749 1024.005v-0.041h0.256v-375.552c0-183.725-39.552-325.25-254.336-325.25-103.255 0-172.544 56.661-200.832 110.378h-2.99v-93.226h-203.647v683.65h212.054v-338.519c0-89.129 16.896-175.318 127.273-175.318 108.759 0 110.382 101.718 110.382 181.037v332.841h211.84z",
          "M16.9 340.35h212.31v683.65h-212.31v-683.65z",
          "M122.966 0c-67.883 0-122.966 55.082-122.966 122.966s55.082 124.117 122.966 124.117c67.882 0 122.965-56.234 122.965-124.117-0.042-67.883-55.125-122.966-122.965-122.966v0z"
        ],
        "attrs": [
          {
            "fill": "rgb(175, 177, 184)"
          },
          {
            "fill": "rgb(175, 177, 184)"
          },
          {
            "fill": "rgb(175, 177, 184)"
          }
        ],
        "isMulticolor": false,
        "isMulticolor2": false,
        "grid": 0,
        "tags": [
          "linkedin_icon"
        ],
        "colorPermutations": {
          "117117117117517718413315024313333331": [
            {
              "f": 3
            },
            {
              "f": 3
            },
            {
              "f": 3
            }
          ]
        }
      },
      "attrs": [
        {
          "fill": "rgb(175, 177, 184)"
        },
        {
          "fill": "rgb(175, 177, 184)"
        },
        {
          "fill": "rgb(175, 177, 184)"
        }
      ],
      "properties": {
        "order": 56,
        "id": 9,
        "name": "linkedin_icon",
        "prevSize": 24
      },
      "setIdx": 0,
      "setId": 2,
      "iconIdx": 13
    },
    {
      "icon": {
        "paths": [
          "M128 0l155.895 142.986h434.876v398.865l155.895 142.987v-684.838h-746.667z",
          "M0 136.964v665.276h725.333v-264.442l-436.841-400.67-288.493-0.164zM587.159 704.926h-472.384v-447.433h33.391v417.135h438.993v30.298z",
          "M208.875 927.708l17.448-35.936h14.583l-25.417 47.917v27.915h-13.23v-27.915l-25.469-47.917h14.635l17.448 35.936zM283.772 949.948h-29.376l-6.146 17.655h-13.698l28.646-75.831h11.823l28.698 75.831h-13.749l-6.197-17.655zM258.093 939.324h21.98l-10.989-31.458-10.991 31.458zM335.697 947.136c0-3.507 0.956-6.72 2.865-9.636 1.909-2.95 5.677-6.441 11.302-10.468-2.95-3.716-5.018-6.876-6.197-9.478-1.146-2.605-1.719-5.122-1.719-7.554 0-5.937 1.805-10.624 5.417-14.061 3.612-3.473 8.474-5.21 14.583-5.21 5.521 0 10.035 1.632 13.542 4.896 3.541 3.23 5.312 7.241 5.312 12.032 0 3.159-0.798 6.076-2.396 8.749-1.598 2.639-4.22 5.278-7.866 7.917l-5.156 3.75 14.637 17.293c2.118-4.166 3.177-8.802 3.177-13.907h10.989c0 9.34-2.187 16.996-6.562 22.97l11.147 13.175h-14.688l-4.271-5.052c-5.417 4.064-11.874 6.095-19.375 6.095s-13.506-1.98-18.020-5.937c-4.48-3.994-6.72-9.184-6.72-15.573zM360.802 958.541c4.271 0 8.265-1.423 11.979-4.271l-16.561-19.531-1.615 1.146c-4.166 3.159-6.251 6.771-6.251 10.833 0 3.507 1.129 6.355 3.386 8.542 2.257 2.189 5.278 3.281 9.062 3.281zM353.822 909.687c0 2.916 1.79 6.579 5.365 10.989l5.781-3.957 1.615-1.301c2.153-1.911 3.23-4.358 3.23-7.345 0-1.98-0.747-3.663-2.24-5.052-1.493-1.423-3.386-2.135-5.677-2.135-2.466 0-4.429 0.834-5.886 2.5-1.459 1.666-2.189 3.767-2.189 6.302zM491.584 942.916c-0.764 8.092-3.75 14.411-8.96 18.959-5.207 4.514-12.134 6.771-20.781 6.771-6.042 0-11.371-1.425-15.989-4.271-4.582-2.882-8.124-6.963-10.624-12.241-2.5-5.276-3.804-11.405-3.906-18.385v-7.083c0-7.153 1.267-13.455 3.802-18.906 2.534-5.453 6.163-9.653 10.884-12.606 4.757-2.95 10.244-4.427 16.459-4.427 8.369 0 15.104 2.274 20.209 6.825 5.103 4.548 8.073 10.972 8.907 19.27h-13.126c-0.625-5.453-2.221-9.376-4.791-11.772-2.534-2.43-6.268-3.646-11.198-3.646-5.728 0-10.138 2.101-13.229 6.302-3.055 4.166-4.619 10.295-4.687 18.385v6.72c0 8.194 1.457 14.445 4.375 18.75 2.95 4.305 7.255 6.458 12.915 6.458 5.173 0 9.062-1.163 11.667-3.488 2.605-2.327 4.254-6.199 4.947-11.616h13.126zM563.927 931.667c0 7.43-1.284 13.958-3.855 19.582-2.569 5.591-6.251 9.897-11.042 12.917-4.755 2.987-10.242 4.48-16.457 4.48-6.146 0-11.633-1.493-16.459-4.48-4.791-3.021-8.508-7.309-11.147-12.864-2.605-5.555-3.923-11.962-3.957-19.219v-4.271c0-7.396 1.301-13.924 3.906-19.584 2.639-5.66 6.336-9.982 11.093-12.969 4.791-3.021 10.278-4.531 16.459-4.531s11.648 1.493 16.405 4.48c4.791 2.95 8.491 7.221 11.093 12.813 2.605 5.555 3.925 12.030 3.959 19.426v4.22zM550.75 927.708c0-8.403-1.598-14.844-4.791-19.322-3.159-4.48-7.657-6.72-13.489-6.72-5.696 0-10.157 2.24-13.387 6.72-3.194 4.444-4.826 10.746-4.896 18.906v4.375c0 8.333 1.615 14.773 4.845 19.322 3.264 4.55 7.778 6.825 13.542 6.825 5.833 0 10.313-2.223 13.436-6.667 3.162-4.446 4.74-10.938 4.74-19.479v-3.959z"
        ],
        "attrs": [
          {
            "fill": "rgb(175, 177, 184)"
          },
          {
            "fill": "rgb(175, 177, 184)"
          },
          {
            "fill": "rgb(175, 177, 184)"
          }
        ],
        "width": 960,
        "isMulticolor": false,
        "isMulticolor2": false,
        "grid": 0,
        "tags": [
          "logo-client-1"
        ],
        "colorPermutations": {
          "117117117117517718413315024313333331": [
            {
              "f": 3
            },
            {
              "f": 3
            },
            {
              "f": 3
            }
          ]
        }
      },
      "attrs": [
        {
          "fill": "rgb(175, 177, 184)"
        },
        {
          "fill": "rgb(175, 177, 184)"
        },
        {
          "fill": "rgb(175, 177, 184)"
        }
      ],
      "properties": {
        "order": 57,
        "id": 8,
        "name": "logo-client-1",
        "prevSize": 24
      },
      "setIdx": 0,
      "setId": 2,
      "iconIdx": 14
    },
    {
      "icon": {
        "paths": [
          "M334.314 57.787h2.69c4.982 0 10.362 0.501 15.693 0.952 23.485 1.656 46.807 5.173 69.742 10.516v-56.385c-23.617-5.925-47.703-9.763-71.985-11.467-9.216-0.701-19.029-1.152-29.091-1.402h-8.418c-48.736 0.183-97.262 6.44-144.468 18.628-53.765 13.409-105.371 34.398-153.284 62.344v559.197c46.134-25.066 95.223-44.195 146.111-56.936 40.179-10.252 81.255-16.557 122.646-18.828h1.644c6.926-0.351 13.85-0.551 20.972-0.603v-57.285c-53.784 0.691-107.296 7.802-159.411 21.181-19.279 5.008-37.91 10.415-55.396 16.425l-19.926 6.76v-436.011l8.518-4.106c65.009-30.827 135.32-48.764 207.085-52.83 0.597-0.044 1.197-0.044 1.794 0 7.92-0.401 15.892-0.601 23.713-0.601h8.966c4.135 0.1 8.269 0.2 12.404 0.451z",
          "M474.797 116.826c-13.101 0-26.055-0.451-38.558-1.402-14.944-1.102-30.289-2.904-44.835-5.358-8.867-1.502-17.585-3.305-26.053-5.258v552.787c35.854 8.877 72.671 13.217 109.596 12.92 48.733-0.199 97.254-6.437 144.467-18.58 53.774-13.426 105.395-34.414 153.334-62.344v-549.231c-46.129 25.053-95.199 44.197-146.062 56.986-49.64 12.75-100.655 19.292-151.889 19.48zM695.832 126.391l19.927-6.71v436.16l-8.519 4.106c-32.675 15.547-66.8 27.808-101.874 36.606-42.596 11.020-86.386 16.689-130.369 16.874-13.151 0-26.203-0.549-38.857-1.652l-13.649-1.201v-448.529l15.892 1.052c11.557 0.751 23.513 1.102 36.513 1.102 55.84-0.198 111.441-7.33 165.539-21.232 18.582-4.907 37.063-10.416 55.396-16.575z",
          "M53.903 831.258c-2.865-2.972-6.318-5.305-10.137-6.849s-7.917-2.265-12.031-2.115c-4.384-0.059-8.736 0.758-12.803 2.402-3.729 1.487-7.119 3.718-9.963 6.561-2.813 2.851-5.002 6.262-6.426 10.014-1.562 3.933-2.34 8.135-2.292 12.369v74.715c-0.178 5.264 0.826 10.502 2.939 15.323 1.764 3.828 4.31 7.241 7.472 10.016 2.986 2.513 6.491 4.326 10.262 5.307 3.633 1.022 7.387 1.544 11.159 1.554 4.161 0.041 8.279-0.849 12.055-2.605 3.734-1.632 7.118-3.98 9.963-6.91 2.774-2.903 4.987-6.3 6.526-10.016 1.597-3.767 2.41-7.822 2.391-11.918v-8.363h-19.528v6.662c0.058 2.272-0.331 4.537-1.146 6.66-0.636 1.589-1.604 3.025-2.839 4.206-1.21 0.977-2.597 1.707-4.085 2.152-1.319 0.439-2.696 0.675-4.085 0.701-1.744 0.203-3.509-0.061-5.119-0.764s-3.006-1.822-4.047-3.241c-1.841-3.003-2.743-6.493-2.59-10.016v-69.656c-0.121-3.862 0.7-7.696 2.391-11.168 1.014-1.575 2.448-2.836 4.139-3.631 1.691-0.798 3.571-1.101 5.425-0.874 1.683-0.061 3.356 0.291 4.874 1.024s2.837 1.824 3.844 3.182c2.185 2.869 3.328 6.402 3.238 10.016v6.459h19.329v-7.611c0.039-4.47-0.773-8.907-2.391-13.070-1.443-3.915-3.663-7.493-6.526-10.516z",
          "M169.923 830.409c-6.227-5.258-14.086-8.162-22.218-8.212-3.977 0.018-7.922 0.729-11.657 2.103-3.792 1.359-7.292 3.432-10.312 6.109-3.235 2.909-5.817 6.477-7.572 10.466-1.967 4.565-2.936 9.5-2.839 14.472v71.658c-0.135 5.041 0.835 10.051 2.839 14.673 1.767 3.854 4.352 7.272 7.572 10.016 2.985 2.771 6.491 4.917 10.312 6.309 3.735 1.375 7.68 2.085 11.657 2.103 3.978-0.008 7.924-0.721 11.657-2.103 3.886-1.412 7.47-3.554 10.561-6.309 3.115-2.796 5.625-6.205 7.373-10.016 2.005-4.622 2.974-9.632 2.839-14.673v-71.658c0.096-4.972-0.872-9.907-2.839-14.472-1.738-3.948-4.245-7.507-7.373-10.466zM160.807 927.006c0.165 1.91-0.099 3.832-0.772 5.626s-1.737 3.415-3.114 4.74c-2.579 2.162-5.832 3.348-9.191 3.348s-6.612-1.185-9.191-3.348c-1.377-1.325-2.442-2.946-3.114-4.74s-0.936-3.716-0.772-5.626v-71.658c-0.164-1.91 0.099-3.832 0.772-5.626s1.737-3.415 3.114-4.74c2.579-2.162 5.832-3.348 9.191-3.348s6.612 1.185 9.191 3.348c1.377 1.325 2.442 2.946 3.114 4.74s0.936 3.716 0.772 5.626v71.658z",
          "M322.31 959.002v-135.656h-18.781l-24.659 71.81h-0.349l-24.86-71.81h-18.582v135.656h19.379v-82.525h0.349l18.979 58.338h9.665l19.129-58.338h0.349v82.525h19.379z",
          "M432.402 832.863c-2.983-3.348-6.751-5.896-10.959-7.412-4.535-1.475-9.283-2.186-14.048-2.103h-28.794v135.656h19.33v-52.98h9.962c6.032 0.274 12.032-1 17.436-3.706 4.395-2.44 8.058-6.020 10.61-10.366 2.237-3.608 3.744-7.623 4.435-11.817 0.76-5.104 1.111-10.262 1.046-15.423 0.187-6.514-0.449-13.026-1.892-19.379-1.29-4.695-3.74-8.984-7.125-12.469zM422.439 874.224c-0.085 2.458-0.695 4.866-1.794 7.062-1.105 2.085-2.851 3.755-4.982 4.758-2.863 1.28-5.986 1.863-9.116 1.701h-8.818v-46.119h9.964c2.999-0.148 5.99 0.437 8.718 1.703 1.999 1.146 3.586 2.899 4.533 5.006 1.056 2.385 1.632 4.955 1.694 7.562 0 2.855 0 5.86 0 9.015s0.199 6.408 0 9.312h-0.199z",
          "M523.967 823.345h-15.842l-29.889 135.656h19.328l5.679-29.145h26.352l5.679 29.145h19.33l-30.637-135.656zM506.132 911.38l9.515-49.176h0.349l9.466 49.176h-19.33z",
          "M648.854 905.070h-0.349l-29.194-81.725h-18.58v135.656h19.328v-81.573h0.398l29.542 81.573h18.182v-135.656h-19.328v81.725z",
          "M766.968 823.345l-15.543 53.933h-0.398l-15.543-53.933h-20.474l26.551 78.32v57.336h19.33v-57.336l26.551-78.32h-20.474z",
          "M0 997.311h9.316v26.138h6.327v-26.138h9.266v-5.358h-24.908v5.358z",
          "M78.311 991.953l-12.205 31.496h6.725l2.59-7.16h12.554l2.69 7.16h6.875l-12.504-31.496h-6.725zM77.314 1010.981l4.284-11.668 4.284 11.668h-8.568z",
          "M155.725 1011.832h7.273v4.057c-2.124 1.703-4.756 2.637-7.472 2.655-1.27 0.071-2.539-0.165-3.701-0.687-1.161-0.524-2.181-1.317-2.975-2.318-1.67-2.399-2.494-5.289-2.341-8.212 0-7.010 3.039-10.516 9.067-10.516 1.587-0.16 3.177 0.26 4.484 1.178s2.243 2.276 2.64 3.828l6.227-1.201c-1.345-6.16-5.779-9.263-13.351-9.263-4.050-0.108-7.988 1.343-11.009 4.057-1.587 1.566-2.815 3.462-3.598 5.555s-1.102 4.332-0.936 6.561c-0.184 4.311 1.258 8.531 4.035 11.819 1.543 1.591 3.411 2.826 5.475 3.621s4.275 1.13 6.481 0.985c4.928 0.138 9.716-1.658 13.351-5.008v-12.418h-13.65v5.307z",
          "M234.785 991.953h-6.376v31.496h22.067v-5.356h-15.691v-26.14z",
          "M301.637 991.953h-6.376v31.496h6.376v-31.496z",
          "M366.994 1012.984l-12.902-21.031h-6.177v31.496h5.927v-20.58l12.654 20.58h6.325v-31.496h-5.827v21.031z",
          "M426.079 1009.579h15.693v-5.358h-15.693v-6.91h16.888v-5.358h-23.264v31.496h23.912v-5.356h-17.536v-8.513z",
          "M569.346 1004.371h-12.404v-12.418h-6.327v31.496h6.327v-13.769h12.404v13.769h6.327v-31.496h-6.327v12.418z",
          "M628.779 1009.579h15.742v-5.358h-15.742v-6.91h16.937v-5.358h-23.264v31.496h23.861v-5.356h-17.534v-8.513z",
          "M709.382 1009.577c5.478-0.851 8.269-3.755 8.269-8.763 0.16-1.339-0.043-2.698-0.587-3.931-0.544-1.235-1.408-2.298-2.503-3.080-2.851-1.434-6.034-2.072-9.216-1.853h-13.349v31.498h6.327v-13.17h1.245c1.349-0.083 2.698 0.158 3.935 0.701 0.926 0.571 1.696 1.361 2.243 2.304l6.875 10.016h7.572l-3.836-6.16c-1.696-3.040-4.086-5.632-6.973-7.562zM703.004 1005.221h-4.681v-7.912h4.98c2.17-0.175 4.354 0.079 6.428 0.75 0.461 0.408 0.823 0.914 1.063 1.481s0.349 1.182 0.321 1.798c-0.030 0.614-0.195 1.217-0.486 1.759s-0.701 1.012-1.197 1.373c-2.080 0.638-4.257 0.892-6.428 0.752z",
          "M770.154 1009.579h15.693v-5.358h-15.693v-6.91h16.939v-5.358h-23.316v31.496h23.912v-5.356h-17.536v-8.513z"
        ],
        "attrs": [
          {
            "fill": "rgb(175, 177, 184)"
          },
          {
            "fill": "rgb(175, 177, 184)"
          },
          {
            "fill": "rgb(175, 177, 184)"
          },
          {
            "fill": "rgb(175, 177, 184)"
          },
          {
            "fill": "rgb(175, 177, 184)"
          },
          {
            "fill": "rgb(175, 177, 184)"
          },
          {
            "fill": "rgb(175, 177, 184)"
          },
          {
            "fill": "rgb(175, 177, 184)"
          },
          {
            "fill": "rgb(175, 177, 184)"
          },
          {
            "fill": "rgb(175, 177, 184)"
          },
          {
            "fill": "rgb(175, 177, 184)"
          },
          {
            "fill": "rgb(175, 177, 184)"
          },
          {
            "fill": "rgb(175, 177, 184)"
          },
          {
            "fill": "rgb(175, 177, 184)"
          },
          {
            "fill": "rgb(175, 177, 184)"
          },
          {
            "fill": "rgb(175, 177, 184)"
          },
          {
            "fill": "rgb(175, 177, 184)"
          },
          {
            "fill": "rgb(175, 177, 184)"
          },
          {
            "fill": "rgb(175, 177, 184)"
          },
          {
            "fill": "rgb(175, 177, 184)"
          }
        ],
        "width": 788,
        "isMulticolor": false,
        "isMulticolor2": false,
        "grid": 0,
        "tags": [
          "logo-client-2"
        ],
        "colorPermutations": {
          "117117117117517718413315024313333331": [
            {
              "f": 3
            },
            {
              "f": 3
            },
            {
              "f": 3
            },
            {
              "f": 3
            },
            {
              "f": 3
            },
            {
              "f": 3
            },
            {
              "f": 3
            },
            {
              "f": 3
            },
            {
              "f": 3
            },
            {
              "f": 3
            },
            {
              "f": 3
            },
            {
              "f": 3
            },
            {
              "f": 3
            },
            {
              "f": 3
            },
            {
              "f": 3
            },
            {
              "f": 3
            },
            {
              "f": 3
            },
            {
              "f": 3
            },
            {
              "f": 3
            },
            {
              "f": 3
            }
          ]
        }
      },
      "attrs": [
        {
          "fill": "rgb(175, 177, 184)"
        },
        {
          "fill": "rgb(175, 177, 184)"
        },
        {
          "fill": "rgb(175, 177, 184)"
        },
        {
          "fill": "rgb(175, 177, 184)"
        },
        {
          "fill": "rgb(175, 177, 184)"
        },
        {
          "fill": "rgb(175, 177, 184)"
        },
        {
          "fill": "rgb(175, 177, 184)"
        },
        {
          "fill": "rgb(175, 177, 184)"
        },
        {
          "fill": "rgb(175, 177, 184)"
        },
        {
          "fill": "rgb(175, 177, 184)"
        },
        {
          "fill": "rgb(175, 177, 184)"
        },
        {
          "fill": "rgb(175, 177, 184)"
        },
        {
          "fill": "rgb(175, 177, 184)"
        },
        {
          "fill": "rgb(175, 177, 184)"
        },
        {
          "fill": "rgb(175, 177, 184)"
        },
        {
          "fill": "rgb(175, 177, 184)"
        },
        {
          "fill": "rgb(175, 177, 184)"
        },
        {
          "fill": "rgb(175, 177, 184)"
        },
        {
          "fill": "rgb(175, 177, 184)"
        },
        {
          "fill": "rgb(175, 177, 184)"
        }
      ],
      "properties": {
        "order": 58,
        "id": 7,
        "name": "logo-client-2",
        "prevSize": 24
      },
      "setIdx": 0,
      "setId": 2,
      "iconIdx": 15
    },
    {
      "icon": {
        "paths": [
          "M154.707 987.248c0.366 0.010 0.727 0.085 1.060 0.224 0.334 0.141 0.634 0.339 0.884 0.588l5.017 5.093c-3.894 4.123-8.707 7.422-14.11 9.667-6.327 2.453-13.145 3.638-20.005 3.474-6.446 0.122-12.85-0.98-18.814-3.243-5.379-2.075-10.213-5.196-14.173-9.145-4.041-4.098-7.154-8.901-9.156-14.126-2.192-5.825-3.274-11.954-3.198-18.12-0.089-6.205 1.081-12.368 3.449-18.176 2.191-5.259 5.495-10.062 9.72-14.126 4.282-3.986 9.405-7.119 15.051-9.204 6.177-2.211 12.754-3.311 19.378-3.243 6.153-0.139 12.273 0.866 17.998 2.953 4.967 1.989 9.527 4.749 13.483 8.163l-4.202 5.442c-0.29 0.383-0.651 0.717-1.066 0.983-0.496 0.315-1.095 0.458-1.693 0.407-0.651-0.041-1.278-0.241-1.819-0.58l-2.258-1.446-3.136-1.853c-1.353-0.688-2.757-1.287-4.202-1.794-1.86-0.614-3.768-1.1-5.707-1.448-2.461-0.419-4.961-0.612-7.463-0.578-4.77-0.056-9.503 0.77-13.922 2.431-4.121 1.538-7.84 3.867-10.912 6.832-3.127 3.152-5.537 6.853-7.086 10.884-1.766 4.608-2.637 9.467-2.571 14.356-0.075 4.964 0.795 9.904 2.571 14.59 1.53 3.994 3.895 7.673 6.961 10.825 2.872 2.94 6.432 5.237 10.41 6.715 4.093 1.568 8.487 2.355 12.918 2.316 2.56 0.037 5.118-0.119 7.651-0.463 4.135-0.466 8.102-1.792 11.601-3.879 1.755-1.068 3.412-2.267 4.954-3.589 0.645-0.568 1.493-0.897 2.383-0.926z",
          "M299.571 961.653c0.078 6.142-1.070 12.244-3.387 18.003-2.043 5.222-5.264 9.986-9.445 13.978-4.184 3.991-9.236 7.119-14.824 9.177-12.278 4.323-25.851 4.323-38.128 0-5.552-2.089-10.571-5.225-14.737-9.204-4.181-4.064-7.424-8.87-9.532-14.124-4.518-11.661-4.518-24.405 0-36.064 2.139-5.259 5.378-10.079 9.532-14.185 4.202-3.855 9.218-6.868 14.737-8.855 12.262-4.401 25.867-4.401 38.128 0 5.571 2.087 10.611 5.222 14.799 9.204 4.13 4.023 7.348 8.767 9.47 13.951 2.324 5.798 3.472 11.939 3.387 18.12zM286.403 961.653c0.098-4.915-0.707-9.808-2.384-14.473-1.404-3.996-3.689-7.682-6.71-10.825-2.94-2.974-6.561-5.308-10.598-6.832-8.921-3.165-18.795-3.165-27.717 0-4.038 1.524-7.658 3.857-10.598 6.832-3.062 3.126-5.371 6.814-6.773 10.825-3.191 9.423-3.191 19.522 0 28.945 1.416 4.003 3.722 7.69 6.773 10.825 2.944 2.955 6.564 5.269 10.598 6.773 8.937 3.084 18.782 3.084 27.717 0 4.035-1.504 7.656-3.818 10.598-6.773 3.009-3.152 5.291-6.836 6.71-10.825 1.685-4.664 2.489-9.56 2.384-14.473z",
          "M398.404 976.825l1.317 3.243c0.502-1.158 0.941-2.199 1.441-3.243 0.48-1.087 1.024-2.15 1.631-3.184l32.046-53.775c0.627-0.926 1.19-1.504 1.819-1.677 0.851-0.241 1.743-0.339 2.633-0.29h9.47v87.464h-11.225v-64.31c0-0.812 0-1.738 0-2.721-0.061-1.002-0.061-2.009 0-3.011l-32.234 54.528c-0.41 0.817-1.065 1.507-1.887 1.989-0.824 0.483-1.78 0.736-2.753 0.731h-1.819c-0.978 0.012-1.936-0.239-2.76-0.722s-1.477-1.178-1.882-1.999l-33.173-54.874c0 1.041 0 2.085 0 3.126s0 1.968 0 2.777v64.312h-10.85v-87.291h9.47c0.89-0.049 1.782 0.049 2.633 0.29 0.778 0.356 1.397 0.948 1.755 1.677l32.736 53.833c0.644 0.995 1.19 2.041 1.631 3.126z",
          "M519 972.483v32.761h-12.542v-87.342h27.97c5.278-0.093 10.545 0.551 15.614 1.911 4.059 1.061 7.824 2.916 11.037 5.439 2.787 2.365 4.935 5.298 6.273 8.567 1.48 3.562 2.204 7.356 2.131 11.171 0.056 3.83-0.734 7.629-2.321 11.169-1.507 3.352-3.823 6.341-6.773 8.741-3.216 2.628-7 4.601-11.098 5.788-4.884 1.441-9.989 2.126-15.114 2.026l-15.177-0.232zM519 963.106h15.177c3.296 0.039 6.578-0.41 9.721-1.331 2.592-0.805 4.981-2.085 7.024-3.762 1.882-1.602 3.343-3.582 4.264-5.788 1.026-2.333 1.538-4.832 1.504-7.351 0.146-2.428-0.283-4.857-1.258-7.114-0.975-2.26-2.472-4.296-4.386-5.966-4.791-3.452-10.808-5.125-16.869-4.688h-15.177v36.001z",
          "M687.567 1005.361h-9.908c-0.995 0.034-1.97-0.251-2.76-0.812-0.712-0.544-1.27-1.239-1.631-2.026l-8.528-21.129h-42.83l-8.843 21.129c-0.324 0.773-0.866 1.453-1.568 1.97-0.797 0.592-1.799 0.9-2.823 0.868h-9.908l37.627-87.469h13.044l38.129 87.469zM625.484 972.885h35.369l-14.926-35.601c-1.141-2.677-2.085-5.422-2.823-8.219l-1.441 4.571c-0.439 1.39-0.941 2.665-1.38 3.706l-14.799 35.543z",
          "M741.749 918.299c0.751 0.38 1.395 0.917 1.882 1.565l54.872 65.931c0-1.041 0-2.085 0-3.067 0-0.985 0-1.968 0-2.894v-61.94h11.225v87.467h-6.271c-0.89 0.024-1.772-0.154-2.57-0.522-0.775-0.417-1.456-0.965-2.007-1.619l-54.811-65.875c0.061 1.002 0.061 2.007 0 3.009 0 0.985 0 1.853 0 2.662v62.345h-11.225v-87.467h6.649c0.775-0.020 1.546 0.119 2.255 0.405z",
          "M902.164 970.569v34.736h-12.544v-34.736l-34.679-52.68h11.225c0.968-0.051 1.924 0.215 2.697 0.753 0.683 0.561 1.256 1.226 1.694 1.968l21.699 33.982c0.878 1.448 1.629 2.779 2.258 4.052 0.627 1.273 1.129 2.489 1.568 3.706l1.629-3.764c0.61-1.375 1.321-2.709 2.133-3.994l21.385-34.214c0.449-0.683 0.997-1.304 1.631-1.851 0.744-0.6 1.709-0.912 2.697-0.87h11.349l-34.74 52.912z",
          "M392.197 771.106c5.456 0.636 10.974 1.158 16.555 1.619 84.617-34.94 156.199-92.126 205.8-164.413 49.601-72.285 75.020-156.462 73.079-242.008l-93.252-86.077c18.961 91.080 10.091 185.232-25.615 271.926-35.708 86.694-96.844 162.504-176.567 218.953z",
          "M358.9 767.103l2.506 0.463c85.194-56.249 150.145-134.795 186.458-225.482s42.313-189.345 17.23-283.214l-132.823-122.602c53.721 100.776 75.347 213.557 62.359 325.232-12.99 111.675-60.058 217.649-135.731 305.603z",
          "M809.355 467.376c-22.567 93.996-77.371 178.768-156.277 241.73-23.045 18.491-47.901 34.962-74.25 49.203 64.251-17.432 123.309-48.25 172.617-90.083 49.308-41.83 87.55-93.555 111.777-151.184l-53.867-49.666z",
          "M788.217 453.537l-76.695-70.793c-1.468 80.713-26.327 159.59-71.995 228.435-45.668 68.842-110.477 125.14-187.694 163.040h0.378c17.206-0.005 34.399-0.953 51.485-2.836 72.163-27.187 135.912-70.441 185.559-125.903 49.644-55.459 83.644-121.403 98.962-191.944z",
          "M369.998 84.572l-91.497-84.572c-81.794 29.175-152.14 80.465-201.832 147.155s-76.414 145.675-76.669 226.615v0c0.307 89.439 32.919 176.228 92.676 246.63s143.244 120.4 237.25 142.075c83.917-94.371 133.049-210.985 140.254-332.898 7.207-121.91-27.887-242.765-100.181-345.006z",
          "M999.619 440.508c-0.332-106.113-46.146-207.793-127.434-282.826s-191.444-117.322-306.403-117.628c-53.121-0.051-105.791 8.998-155.336 26.685l560.201 517.094c19.18-45.709 29.006-94.308 28.972-143.326z"
        ],
        "attrs": [
          {
            "fill": "rgb(175, 177, 184)"
          },
          {
            "fill": "rgb(175, 177, 184)"
          },
          {
            "fill": "rgb(175, 177, 184)"
          },
          {
            "fill": "rgb(175, 177, 184)"
          },
          {
            "fill": "rgb(175, 177, 184)"
          },
          {
            "fill": "rgb(175, 177, 184)"
          },
          {
            "fill": "rgb(175, 177, 184)"
          },
          {
            "fill": "rgb(175, 177, 184)"
          },
          {
            "fill": "rgb(175, 177, 184)"
          },
          {
            "fill": "rgb(175, 177, 184)"
          },
          {
            "fill": "rgb(175, 177, 184)"
          },
          {
            "fill": "rgb(175, 177, 184)"
          },
          {
            "fill": "rgb(175, 177, 184)"
          }
        ],
        "width": 1000,
        "isMulticolor": false,
        "isMulticolor2": false,
        "grid": 0,
        "tags": [
          "logo-client-3"
        ],
        "colorPermutations": {
          "117117117117517718413315024313333331": [
            {
              "f": 3
            },
            {
              "f": 3
            },
            {
              "f": 3
            },
            {
              "f": 3
            },
            {
              "f": 3
            },
            {
              "f": 3
            },
            {
              "f": 3
            },
            {
              "f": 3
            },
            {
              "f": 3
            },
            {
              "f": 3
            },
            {
              "f": 3
            },
            {
              "f": 3
            },
            {
              "f": 3
            }
          ]
        }
      },
      "attrs": [
        {
          "fill": "rgb(175, 177, 184)"
        },
        {
          "fill": "rgb(175, 177, 184)"
        },
        {
          "fill": "rgb(175, 177, 184)"
        },
        {
          "fill": "rgb(175, 177, 184)"
        },
        {
          "fill": "rgb(175, 177, 184)"
        },
        {
          "fill": "rgb(175, 177, 184)"
        },
        {
          "fill": "rgb(175, 177, 184)"
        },
        {
          "fill": "rgb(175, 177, 184)"
        },
        {
          "fill": "rgb(175, 177, 184)"
        },
        {
          "fill": "rgb(175, 177, 184)"
        },
        {
          "fill": "rgb(175, 177, 184)"
        },
        {
          "fill": "rgb(175, 177, 184)"
        },
        {
          "fill": "rgb(175, 177, 184)"
        }
      ],
      "properties": {
        "order": 59,
        "id": 6,
        "name": "logo-client-3",
        "prevSize": 24
      },
      "setIdx": 0,
      "setId": 2,
      "iconIdx": 16
    },
    {
      "icon": {
        "paths": [
          "M295.341 305.547h-0.067c-53.874 0-97.547 42.558-97.547 95.058v0.062c0 52.5 43.673 95.061 97.547 95.061h0.067c53.874 0 97.547-42.56 97.547-95.061v-0.062c0-52.5-43.672-95.058-97.547-95.058z",
          "M1015.351 275.158c-0.152-72.92-29.941-142.812-82.846-194.38s-124.616-80.613-199.444-80.779v0c-74.85 0.132-146.596 29.163-199.53 80.735-52.931 51.571-82.737 121.482-82.892 194.424v0 402.115c0 0 564.648-61.285 564.712-402.053v-0.062z",
          "M0 809.253c0.136 50.738 20.874 99.361 57.684 135.244s86.698 56.11 138.763 56.258v0c52.054-0.148 101.933-20.366 138.739-56.234 36.809-35.871 57.554-84.478 57.708-135.206v0-279.797c0 0-392.895 42.675-392.895 279.735zM196.447 859.384c-10.175 0-20.12-2.939-28.58-8.449-8.46-5.508-15.053-13.336-18.947-22.497s-4.912-19.239-2.927-28.965c1.985-9.726 6.884-18.658 14.079-25.669s16.361-11.786 26.34-13.719c9.979-1.934 20.322-0.941 29.722 2.853s17.434 10.219 23.088 18.463c5.651 8.244 8.668 17.937 8.668 27.853 0.026 6.599-1.286 13.138-3.86 19.242s-6.359 11.652-11.138 16.329c-4.779 4.675-10.459 8.383-16.713 10.914s-12.959 3.834-19.731 3.834v-0.188z",
          "M597.471 828.278h-40.186v41.512h-20.93v-101.581h66.138v16.953h-45.208v26.233h40.186v16.882zM698.075 821.303c0 9.999-1.767 18.768-5.301 26.303-3.536 7.535-8.606 13.348-15.21 17.441-6.558 4.094-14.093 6.139-22.604 6.139-8.418 0-15.932-2.024-22.535-6.070-6.606-4.046-11.721-9.814-15.348-17.301-3.629-7.535-5.465-16.186-5.513-25.955v-5.022c0-9.999 1.791-18.792 5.372-26.372 3.627-7.63 8.721-13.467 15.279-17.513 6.604-4.094 14.138-6.139 22.604-6.139s15.977 2.046 22.535 6.139c6.604 4.046 11.697 9.883 15.279 17.513 3.627 7.58 5.441 16.348 5.441 26.303v4.534zM676.866 816.697c0-10.65-1.907-18.744-5.72-24.278-3.815-5.534-9.256-8.302-16.327-8.302-7.023 0-12.44 2.743-16.255 8.232-3.815 5.441-5.744 13.441-5.792 24v4.953c0 10.371 1.907 18.418 5.722 24.14 3.813 5.72 9.302 8.58 16.465 8.58 7.023 0 12.419-2.743 16.186-8.232 3.767-5.534 5.672-13.581 5.72-24.14v-4.953zM765.959 843.14c0-3.953-1.395-6.977-4.186-9.071-2.791-2.138-7.813-4.372-15.069-6.696-7.256-2.372-13-4.698-17.232-6.977-11.535-6.232-17.303-14.629-17.303-25.186 0-5.489 1.536-10.373 4.606-14.653 3.115-4.325 7.559-7.697 13.324-10.116 5.815-2.417 12.326-3.627 19.537-3.627 7.254 0 13.719 1.326 19.394 3.977 5.675 2.605 10.071 6.301 13.186 11.093 3.162 4.791 4.744 10.233 4.744 16.327h-20.93c0-4.653-1.465-8.256-4.394-10.814-2.931-2.605-7.047-3.908-12.35-3.908-5.115 0-9.092 1.093-11.931 3.279-2.836 2.138-4.256 4.977-4.256 8.511 0 3.303 1.653 6.070 4.953 8.302 3.351 2.234 8.256 4.327 14.722 6.28 11.907 3.582 20.582 8.023 26.024 13.326 5.441 5.301 8.161 11.907 8.161 19.813 0 8.792-3.324 15.698-9.976 20.721-6.651 4.977-15.605 7.466-26.86 7.466-7.816 0-14.931-1.419-21.349-4.256-6.418-2.884-11.326-6.813-14.722-11.79-3.348-4.977-5.022-10.745-5.022-17.303h20.999c0 11.209 6.699 16.815 20.094 16.815 4.977 0 8.859-1 11.65-3.001 2.791-2.046 4.186-4.884 4.186-8.511zM877.656 785.163h-31.115v84.628h-20.93v-84.628h-30.699v-16.953h82.744v16.953zM950.772 825.768h-40.186v27.21h47.164v16.813h-68.094v-101.581h67.955v16.953h-47.025v24.209h40.186v16.396zM1007.633 832.605h-16.675v37.185h-20.93v-101.581h37.745c12 0 21.256 2.674 27.767 8.023 6.513 5.349 9.768 12.907 9.768 22.676 0 6.93-1.512 12.719-4.537 17.37-2.977 4.606-7.511 8.28-13.603 11.023l21.976 41.512v0.976h-22.466l-19.046-37.185zM990.958 815.652h16.884c5.256 0 9.326-1.326 12.209-3.977 2.884-2.698 4.327-6.396 4.327-11.093 0-4.791-1.372-8.559-4.117-11.302-2.698-2.746-6.861-4.117-12.488-4.117h-16.815v30.489zM1117.796 834v35.79h-20.93v-101.581h39.629c7.628 0 14.324 1.395 20.092 4.186 5.815 2.791 10.28 6.768 13.395 11.928 3.117 5.118 4.675 10.954 4.675 17.513 0 9.954-3.417 17.813-10.254 23.581-6.792 5.722-16.21 8.583-28.258 8.583h-18.349zM1117.796 817.047h18.699c5.534 0 9.745-1.303 12.629-3.908 2.929-2.605 4.394-6.325 4.394-11.162 0-4.977-1.465-9.002-4.394-12.071-2.931-3.070-6.977-4.651-12.14-4.744h-19.187v31.885zM1250.216 825.768h-40.186v27.21h47.161v16.813h-68.091v-101.581h67.953v16.953h-47.023v24.209h40.186v16.396zM1347.332 785.163h-31.115v84.628h-20.932v-84.628h-30.696v-16.953h82.744v16.953zM1420.448 825.768h-40.186v27.21h47.164v16.813h-68.094v-101.581h67.953v16.953h-47.023v24.209h40.186v16.396zM1477.308 832.605h-16.675v37.185h-20.93v-101.581h37.745c12 0 21.254 2.674 27.767 8.023 6.511 5.349 9.766 12.907 9.766 22.676 0 6.93-1.51 12.719-4.534 17.37-2.977 4.606-7.511 8.28-13.605 11.023l21.978 41.512v0.976h-22.466l-19.046-37.185zM1460.634 815.652h16.884c5.256 0 9.326-1.326 12.209-3.977 2.884-2.698 4.325-6.396 4.325-11.093 0-4.791-1.372-8.559-4.115-11.302-2.698-2.746-6.861-4.117-12.488-4.117h-16.815v30.489zM1583.633 843.14c0-3.953-1.393-6.977-4.184-9.071-2.791-2.138-7.816-4.372-15.069-6.696-7.256-2.372-13-4.698-17.234-6.977-11.535-6.232-17.301-14.629-17.301-25.186 0-5.489 1.534-10.373 4.603-14.653 3.117-4.325 7.559-7.697 13.326-10.116 5.813-2.417 12.326-3.627 19.535-3.627 7.256 0 13.722 1.326 19.396 3.977 5.672 2.605 10.069 6.301 13.186 11.093 3.162 4.791 4.744 10.233 4.744 16.327h-20.93c0-4.653-1.465-8.256-4.396-10.814-2.929-2.605-7.047-3.908-12.35-3.908-5.115 0-9.092 1.093-11.928 3.279-2.839 2.138-4.256 4.977-4.256 8.511 0 3.303 1.65 6.070 4.953 8.302 3.348 2.234 8.254 4.327 14.719 6.28 11.907 3.582 20.582 8.023 26.024 13.326 5.441 5.301 8.163 11.907 8.163 19.813 0 8.792-3.327 15.698-9.978 20.721-6.651 4.977-15.603 7.466-26.86 7.466-7.813 0-14.929-1.419-21.349-4.256-6.418-2.884-11.326-6.813-14.719-11.79-3.351-4.977-5.025-10.745-5.025-17.303h21.002c0 11.209 6.696 16.815 20.092 16.815 4.977 0 8.861-1 11.652-3.001 2.791-2.046 4.184-4.884 4.184-8.511z"
        ],
        "attrs": [
          {
            "fill": "rgb(175, 177, 184)"
          },
          {
            "fill": "rgb(175, 177, 184)"
          },
          {
            "fill": "rgb(175, 177, 184)"
          },
          {
            "fill": "rgb(175, 177, 184)"
          }
        ],
        "width": 1905,
        "isMulticolor": false,
        "isMulticolor2": false,
        "grid": 0,
        "tags": [
          "logo-client-4"
        ],
        "colorPermutations": {
          "117117117117517718413315024313333331": [
            {
              "f": 3
            },
            {
              "f": 3
            },
            {
              "f": 3
            },
            {
              "f": 3
            }
          ]
        }
      },
      "attrs": [
        {
          "fill": "rgb(175, 177, 184)"
        },
        {
          "fill": "rgb(175, 177, 184)"
        },
        {
          "fill": "rgb(175, 177, 184)"
        },
        {
          "fill": "rgb(175, 177, 184)"
        }
      ],
      "properties": {
        "order": 60,
        "id": 5,
        "name": "logo-client-4",
        "prevSize": 24
      },
      "setIdx": 0,
      "setId": 2,
      "iconIdx": 17
    },
    {
      "icon": {
        "paths": [
          "M97.773 855.752c5.008 6.222 7.677 14.018 7.537 22.018 0.256 5.218-0.661 10.427-2.683 15.242s-5.096 9.111-8.996 12.571c-9.73 7.379-21.784 10.985-33.949 10.157h-59.682v-139.545h58.46c11.54-0.771 22.988 2.506 32.388 9.27 3.775 3.172 6.765 7.183 8.733 11.713 1.968 4.532 2.86 9.46 2.606 14.397 0.343 7.697-2.065 15.266-6.79 21.338-4.536 5.543-10.805 9.388-17.789 10.907 7.918 1.451 15.065 5.678 20.166 11.931zM27.77 834.686h24.987c5.679 0.423 11.319-1.224 15.888-4.636 1.876-1.706 3.336-3.824 4.266-6.188s1.306-4.913 1.098-7.447c0.176-2.523-0.207-5.055-1.123-7.414-0.916-2.357-2.341-4.482-4.173-6.218-4.706-3.51-10.521-5.181-16.363-4.704h-24.579v36.607zM71.089 888.2c2.005-1.747 3.582-3.935 4.606-6.395s1.47-5.124 1.301-7.785c0.153-2.691-0.313-5.381-1.36-7.865-1.048-2.482-2.65-4.689-4.683-6.451-4.889-3.638-10.901-5.425-16.975-5.044h-26.209v38.38h26.548c5.976 0.346 11.891-1.362 16.771-4.841z",
          "M217.272 915.744l-32.523-54.538h-12.222v54.538h-27.974v-139.547h52.96c13.349-0.935 26.546 3.309 36.869 11.861 7.403 7.575 11.868 17.554 12.591 28.14 0.721 10.589-2.346 21.086-8.654 29.602-6.534 7.514-15.458 12.525-25.257 14.179l34.628 55.764h-30.418zM172.527 842.186h22.882c15.888 0 23.832-7.044 23.832-21.131 0.163-2.878-0.272-5.758-1.279-8.456-1.004-2.699-2.557-5.159-4.56-7.225-5.021-4.192-11.487-6.227-17.993-5.658h-23.153l0.272 42.47z",
          "M370.183 887.658h-55.745l-9.846 28.086h-29.332l51.196-137.979h31.709l50.991 137.979h-29.332l-9.641-28.086zM362.714 866.524l-20.369-58.9-20.371 58.9h40.74z",
          "M561.586 915.744h-27.77l-62.261-94.894v94.894h-27.702v-139.547h27.702l62.261 95.441v-95.441h27.77v139.547z",
          "M720.062 882.342c-5.741 10.536-14.491 19.105-25.123 24.609-12.088 6.131-25.502 9.153-39.041 8.796h-49.431v-139.547h49.431c13.515-0.355 26.912 2.593 39.041 8.591 10.63 5.377 19.388 13.863 25.123 24.336 5.717 11.349 8.695 23.89 8.695 36.607 0 12.719-2.978 25.26-8.695 36.609zM688.285 879.002c7.926-9.27 12.284-21.086 12.284-33.302 0-12.218-4.357-24.031-12.284-33.302-9.58-8.397-22.073-12.661-34.764-11.863h-19.282v90.328h19.282c12.691 0.797 25.184-3.464 34.764-11.861z",
          "M387.564 0c0 0 358.433 135.865 350.829 332.471v332.539c0 0-358.163-135.933-350.694-332.539l-0.135-332.471z",
          "M1057.718 587.159c67.693-46.773 145.994-75.743 227.731-84.258v-104.099c-94.18 36.446-174.073 102.526-227.731 188.357z",
          "M1017.048 618.516c55.405-112.013 151.458-198.449 268.401-241.531v-299.953c0 0-510.46 193.537-499.664 473.516v473.45c0 0 22.746-8.658 58.529-24.883 0-15.133 0-30.404 1.63-45.742 10.565-129.978 72.109-250.427 171.104-334.857z",
          "M968.497 794.397c2.682-32.836 8.665-65.314 17.857-96.94-61.64 72.913-98.969 163.391-106.736 258.71-0.747 8.998-1.155 17.996-1.357 27.269 28.992-13.977 62.739-31.428 98.18-51.947-9.044-45.097-11.719-91.247-7.944-137.092z",
          "M988.798 796.101c-3.397 41.479-1.275 83.225 6.314 124.141 139.464-83.783 296.173-213.24 290.13-369.695v-13.632c-99.642 11.192-192.865 54.926-265.347 124.479-16.97 43.104-27.45 88.504-31.097 134.706z"
        ],
        "attrs": [
          {
            "fill": "rgb(175, 177, 184)"
          },
          {
            "fill": "rgb(175, 177, 184)"
          },
          {
            "fill": "rgb(175, 177, 184)"
          },
          {
            "fill": "rgb(175, 177, 184)"
          },
          {
            "fill": "rgb(175, 177, 184)"
          },
          {
            "fill": "rgb(175, 177, 184)"
          },
          {
            "fill": "rgb(175, 177, 184)"
          },
          {
            "fill": "rgb(175, 177, 184)"
          },
          {
            "fill": "rgb(175, 177, 184)"
          },
          {
            "fill": "rgb(175, 177, 184)"
          }
        ],
        "width": 1285,
        "isMulticolor": false,
        "isMulticolor2": false,
        "grid": 0,
        "tags": [
          "logo-client-5"
        ],
        "colorPermutations": {
          "117117117117517718413315024313333331": [
            {
              "f": 3
            },
            {
              "f": 3
            },
            {
              "f": 3
            },
            {
              "f": 3
            },
            {
              "f": 3
            },
            {
              "f": 3
            },
            {
              "f": 3
            },
            {
              "f": 3
            },
            {
              "f": 3
            },
            {
              "f": 3
            }
          ]
        }
      },
      "attrs": [
        {
          "fill": "rgb(175, 177, 184)"
        },
        {
          "fill": "rgb(175, 177, 184)"
        },
        {
          "fill": "rgb(175, 177, 184)"
        },
        {
          "fill": "rgb(175, 177, 184)"
        },
        {
          "fill": "rgb(175, 177, 184)"
        },
        {
          "fill": "rgb(175, 177, 184)"
        },
        {
          "fill": "rgb(175, 177, 184)"
        },
        {
          "fill": "rgb(175, 177, 184)"
        },
        {
          "fill": "rgb(175, 177, 184)"
        },
        {
          "fill": "rgb(175, 177, 184)"
        }
      ],
      "properties": {
        "order": 46,
        "id": 4,
        "name": "logo-client-5",
        "prevSize": 24
      },
      "setIdx": 0,
      "setId": 2,
      "iconIdx": 18
    },
    {
      "icon": {
        "paths": [
          "M1018.093 470.778c-9.512-13.453-14.061-29.35-12.982-45.354v-65.759c0-20.157 4.303-35.476 12.909-45.955 8.606-10.481 23.386-15.699 44.341-15.654 19.693 0 33.669 4.458 41.936 13.378 9.016 11.38 13.401 25.297 12.397 39.335v15.451h-35.226v-15.654c0.125-5.122-0.216-10.247-1.019-15.319-0.507-3.466-2.282-6.674-5.034-9.098-3.616-2.61-8.174-3.878-12.761-3.545-4.826-0.33-9.614 1.006-13.421 3.748-3.067 2.683-5.113 6.201-5.835 10.033-1.010 5.368-1.472 10.809-1.386 16.257v79.806c-0.555 7.698 0.999 15.401 4.524 22.41 1.75 2.369 4.185 4.248 7.029 5.429s5.989 1.616 9.089 1.258c4.512 0.341 8.988-0.956 12.47-3.611 2.869-2.612 4.717-6.023 5.252-9.701 0.821-5.293 1.188-10.64 1.092-15.988v-16.188h35.226v14.784c0.99 14.632-3.29 29.157-12.179 41.34-8.096 9.767-21.879 14.65-42.155 14.65-20.273 0-35.59-5.218-44.269-16.054z",
          "M1164.757 471.447c-8.897-10.235-13.346-25.152-13.346-44.885v-69.17c0-19.533 4.449-34.318 13.346-44.351 8.897-10.035 23.775-15.030 44.633-14.985 20.712 0 35.517 4.995 44.414 14.985 8.897 10.033 13.419 24.817 13.419 44.351v69.17c0 19.533-4.522 34.518-13.565 44.819s-23.775 15.451-44.269 15.451c-20.494 0-35.663-5.218-44.633-15.385zM1225.799 454.859c3.186-6.413 4.638-13.435 4.23-20.471v-84.689c0.41-6.899-1.017-13.788-4.157-20.068-1.786-2.421-4.28-4.33-7.195-5.514-2.913-1.183-6.133-1.591-9.287-1.176-3.165-0.403-6.39 0.009-9.314 1.19-2.922 1.181-5.429 3.086-7.241 5.5-3.206 6.262-4.66 13.16-4.23 20.068v85.090c-0.444 7.038 1.010 14.070 4.23 20.471 2.053 2.157 4.588 3.887 7.43 5.072s5.93 1.798 9.052 1.798c3.122 0 6.21-0.612 9.052-1.798s5.377-2.915 7.43-5.072v-0.4z",
          "M1309.594 300.073h37.924l28.515 127.618 29.173-127.618h36.903l3.721 184.204h-27.277l-2.917-128.020-28.151 128.020h-21.879l-29.173-128.489-2.697 128.489h-27.568l3.427-184.204z",
          "M1488.352 300.073h59.073c34.033 0 51.050 17.435 51.050 52.304 0 33.401-17.918 50.076-53.749 50.033h-20.13v81.868h-36.464l0.218-184.204zM1538.819 378.798c3.602 0.419 7.261 0.116 10.725-0.89 3.463-1.004 6.647-2.685 9.33-4.929 4.182-6.221 6.026-13.528 5.252-20.803 0.191-5.618-0.398-11.237-1.75-16.721-0.521-1.832-1.434-3.55-2.685-5.054-1.254-1.504-2.819-2.765-4.608-3.709-5.063-2.225-10.659-3.238-16.263-2.942h-14.149v55.048h14.149z",
          "M1651.050 300.073h39.165l40.182 184.204h-33.983l-7.951-42.471h-34.932l-8.169 42.471h-34.495l40.184-184.204zM1684.526 420.468l-13.637-77.321-13.64 77.321h27.277z",
          "M1762.85 300.073h25.527l48.863 105.078v-105.078h30.265v184.204h-24.285l-49.157-109.693v109.693h-31.287l0.073-184.204z",
          "M1938.4 414.046l-40.623-113.707h34.204l24.797 73.041 23.265-73.041h33.473l-40.111 113.707v70.23h-35.005v-70.23z",
          "M1074.394 564.822v9.632h-29.755v74.85h-12.472v-74.85h-29.901v-9.632h72.128z",
          "M1167.681 649.312h-9.628c-0.976 0.055-1.941-0.232-2.699-0.803-0.728-0.489-1.286-1.165-1.604-1.939l-8.604-20.068h-41.281l-8.604 20.068c-0.246 0.837-0.694 1.616-1.313 2.273-0.765 0.56-1.723 0.847-2.699 0.803h-9.628l36.466-84.485h12.691l36.903 84.15zM1107.294 617.938h34.422l-14.586-34.381c-1.076-2.601-1.977-5.259-2.699-7.96-0.51 1.604-0.947 3.143-1.386 4.481l-1.311 3.545-14.441 34.315z",
          "M1230.543 641.010c2.285 0.112 4.572 0.112 6.856 0 1.971-0.187 3.923-0.521 5.835-1.004 1.786-0.4 3.541-0.915 5.25-1.538 1.607-0.601 3.211-1.338 4.888-2.073v-18.999h-14.586c-0.362 0.018-0.721-0.032-1.060-0.146-0.339-0.116-0.649-0.294-0.908-0.523-0.241-0.191-0.43-0.428-0.555-0.694-0.127-0.266-0.187-0.555-0.175-0.844v-6.49h28.297v32.379c-2.31 1.516-4.749 2.858-7.293 4.014-2.599 1.176-5.309 2.139-8.094 2.876-2.983 0.803-6.032 1.386-9.116 1.739-3.536 0.36-7.091 0.539-10.65 0.535-6.29 0.050-12.529-1.019-18.377-3.143-5.459-2.014-10.42-5.018-14.586-8.831-4.060-3.853-7.257-8.397-9.407-13.378-2.298-5.6-3.436-11.544-3.354-17.529-0.077-6.019 1.035-12.004 3.281-17.661 2.098-5.006 5.3-9.562 9.407-13.378 4.162-3.8 9.125-6.783 14.586-8.763 6.244-2.155 12.873-3.222 19.545-3.145 3.395-0.005 6.786 0.241 10.138 0.735 2.965 0.444 5.873 1.161 8.679 2.141 2.551 0.878 4.995 2 7.293 3.345 2.235 1.32 4.355 2.797 6.344 4.415l-3.5 5.218c-0.275 0.478-0.683 0.878-1.183 1.161s-1.074 0.437-1.661 0.446c-0.808-0.025-1.591-0.257-2.262-0.669-1.092-0.535-2.26-1.204-3.573-2.007-1.552-0.892-3.186-1.654-4.886-2.276-2.175-0.799-4.419-1.424-6.711-1.873-3.054-0.517-6.155-0.762-9.262-0.735-4.813-0.050-9.589 0.746-14.077 2.342-4.057 1.493-7.714 3.775-10.72 6.69-3.022 3.036-5.332 6.61-6.783 10.502-3.256 9.15-3.256 19.012 0 28.162 1.597 3.973 4.082 7.598 7.293 10.638 2.992 2.897 6.622 5.177 10.65 6.688 4.635 1.461 9.553 2.030 14.438 1.673z",
          "M1346.79 639.672h39.822v9.632h-52.001v-84.482h12.472l-0.294 74.85z",
          "M1428.039 649.305h-12.472v-84.482h12.472v84.482z",
          "M1474.421 565.218c0.742 0.389 1.386 0.912 1.896 1.538l53.312 63.686c-0.073-1.004-0.073-2.009 0-3.011 0-0.938 0-1.873 0-2.742v-60.207h10.866v84.824h-6.271c-0.928 0.068-1.861-0.093-2.699-0.469-0.758-0.421-1.424-0.965-1.968-1.607l-53.239-63.615c0 1.004 0 1.939 0 2.876 0 0.935 0 1.805 0 2.608v60.207h-10.429v-84.489h6.492c0.703 0.002 1.399 0.139 2.041 0.4z",
          "M1632.308 564.822v9.298h-44.196v27.894h35.808v8.963h-35.808v28.829h44.196v9.298h-57.030v-84.282h57.030z",
          "M325.484 43.078l553.756 144.217v505.362l-553.756-144.152v-505.427zM289.967 0v573.055l624.715 162.745v-572.988l-624.715-162.813z",
          "M624.788 1001.816l-624.788-162.877v-572.987l624.788 162.811v573.053z",
          "M300.323 36.589l546.536 142.41-232.428 213.246-546.607-142.477 232.499-213.178zM289.967 0l-289.967 265.956 624.788 162.811 289.894-265.956-624.715-162.811z",
          "M659.945 969.578l254.742-233.709-254.742-66.419v300.128z"
        ],
        "attrs": [
          {
            "fill": "rgb(175, 177, 184)"
          },
          {
            "fill": "rgb(175, 177, 184)"
          },
          {
            "fill": "rgb(175, 177, 184)"
          },
          {
            "fill": "rgb(175, 177, 184)"
          },
          {
            "fill": "rgb(175, 177, 184)"
          },
          {
            "fill": "rgb(175, 177, 184)"
          },
          {
            "fill": "rgb(175, 177, 184)"
          },
          {
            "fill": "rgb(175, 177, 184)"
          },
          {
            "fill": "rgb(175, 177, 184)"
          },
          {
            "fill": "rgb(175, 177, 184)"
          },
          {
            "fill": "rgb(175, 177, 184)"
          },
          {
            "fill": "rgb(175, 177, 184)"
          },
          {
            "fill": "rgb(175, 177, 184)"
          },
          {
            "fill": "rgb(175, 177, 184)"
          },
          {
            "fill": "rgb(175, 177, 184)"
          },
          {
            "fill": "rgb(175, 177, 184)"
          },
          {
            "fill": "rgb(175, 177, 184)"
          },
          {
            "fill": "rgb(175, 177, 184)"
          }
        ],
        "width": 2025,
        "isMulticolor": false,
        "isMulticolor2": false,
        "grid": 0,
        "tags": [
          "logo-client-6"
        ],
        "colorPermutations": {
          "117117117117517718413315024313333331": [
            {
              "f": 3
            },
            {
              "f": 3
            },
            {
              "f": 3
            },
            {
              "f": 3
            },
            {
              "f": 3
            },
            {
              "f": 3
            },
            {
              "f": 3
            },
            {
              "f": 3
            },
            {
              "f": 3
            },
            {
              "f": 3
            },
            {
              "f": 3
            },
            {
              "f": 3
            },
            {
              "f": 3
            },
            {
              "f": 3
            },
            {
              "f": 3
            },
            {
              "f": 3
            },
            {
              "f": 3
            },
            {
              "f": 3
            }
          ]
        }
      },
      "attrs": [
        {
          "fill": "rgb(175, 177, 184)"
        },
        {
          "fill": "rgb(175, 177, 184)"
        },
        {
          "fill": "rgb(175, 177, 184)"
        },
        {
          "fill": "rgb(175, 177, 184)"
        },
        {
          "fill": "rgb(175, 177, 184)"
        },
        {
          "fill": "rgb(175, 177, 184)"
        },
        {
          "fill": "rgb(175, 177, 184)"
        },
        {
          "fill": "rgb(175, 177, 184)"
        },
        {
          "fill": "rgb(175, 177, 184)"
        },
        {
          "fill": "rgb(175, 177, 184)"
        },
        {
          "fill": "rgb(175, 177, 184)"
        },
        {
          "fill": "rgb(175, 177, 184)"
        },
        {
          "fill": "rgb(175, 177, 184)"
        },
        {
          "fill": "rgb(175, 177, 184)"
        },
        {
          "fill": "rgb(175, 177, 184)"
        },
        {
          "fill": "rgb(175, 177, 184)"
        },
        {
          "fill": "rgb(175, 177, 184)"
        },
        {
          "fill": "rgb(175, 177, 184)"
        }
      ],
      "properties": {
        "order": 43,
        "id": 3,
        "name": "logo-client-6",
        "prevSize": 24
      },
      "setIdx": 0,
      "setId": 2,
      "iconIdx": 19
    }
  ],
  "height": 1024,
  "preferences": {
    "showGlyphs": true,
    "showQuickUse": true,
    "showQuickUse2": true,
    "showSVGs": true,
    "fontPref": {
      "prefix": "icon-",
      "metadata": {
        "fontFamily": "icomoon"
      },
      "metrics": {
        "emSize": 1024,
        "baseline": 6.25,
        "whitespace": 50
      },
      "embed": false
    },
    "imagePref": {
      "prefix": "",
      "png": false,
      "useClassSelector": true,
      "color": 0,
      "bgColor": 16777215,
      "classSelector": ".icon",
      "name": "icomoon",
      "height": 32,
      "columns": 16,
      "margin": 16
    },
    "historySize": 50,
    "showCodes": true,
    "gridSize": 16
  }
}